"Term ID","Term Name","Term Slug",Description,"Parent ID","Parent Name","Parent Slug",Count,product_count_product_cat,display_type,thumbnail_id,order,_astra_sites_imported_term,"Image URL","Images Filename","Images Path","Images ID","Images Title","Images Caption","Images Description","Images Alt Text"
15,Shop,shop,,,,,,8500,subcategories,151952,,,https://grandeshop.it/wp-content/uploads/2023/12/393562758_1383767155827528_8278373144252166164_n.jpg,393562758_1383767155827528_8278373144252166164_n.jpg,/home/fwbibudd/public_html/wp-content/uploads/2023/12/393562758_1383767155827528_8278373144252166164_n.jpg,151952,393562758_1383767155827528_8278373144252166164_n,,,
96,Uomo,uomo,"

",15,Shop,shop,,1331,,499,,1,https://grandeshop.it/wp-content/uploads/2018/12/men-fashion-free-img.jpg,men-fashion-free-img.jpg,/home/fwbibudd/public_html/wp-content/uploads/2018/12/men-fashion-free-img.jpg,499,men-fashion-free-img,,,
105,Donna,donna,"
",15,Shop,shop,,7169,,500,,1,https://grandeshop.it/wp-content/uploads/2018/12/women-fashion-free-img.jpg,women-fashion-free-img.jpg,/home/fwbibudd/public_html/wp-content/uploads/2018/12/women-fashion-free-img.jpg,500,women-fashion-free-img,,,
113,"Scarpe da donna",scarpe-da-donna,,105,Donna,donna,,13,,5631,,,https://grandeshop.it/wp-content/uploads/2023/10/Odissea-Sneakers-donna-Versace-rosa-5.png,Odissea-Sneakers-donna-Versace-rosa-5.png,/home/fwbibudd/public_html/wp-content/uploads/2023/10/Odissea-Sneakers-donna-Versace-rosa-5.png,5631,Odissea-Sneakers-donna-Versace-rosa-5,,,
114,Borse-,borse,,105,Donna,donna,,,,,,,,,,,,,,
115,Profumi-,profumi,,105,Donna,donna,,,,,,,,,,,,,,
116,"Scarpe da uomo",scarpe-da-uomo,,96,Uomo,uomo,,53,,5007,,,https://grandeshop.it/wp-content/uploads/2023/10/Odissea-Sneakers-Shoes-Versace-5.png,Odissea-Sneakers-Shoes-Versace-5.png,/home/fwbibudd/public_html/wp-content/uploads/2023/10/Odissea-Sneakers-Shoes-Versace-5.png,5007,Odissea-Sneakers-Shoes-Versace-5,,,
117,Profumi+,profumi-uomo,,96,Uomo,uomo,,,,,,,,,,,,,,
118,"Alexander Mcqueen-",alexander-mcqueen,,115,Profumi-,profumi,,,,,,,,,,,,,,
119,Prada-,prada,,115,Profumi-,profumi,,,,,,,,,,,,,,
120,Gucci-,gucci,,115,Profumi-,profumi,,,,,,,,,,,,,,
121,"Christian Dior-",christian-dior,,115,Profumi-,profumi,,,,,,,,,,,,,,
122,Chanel-,chanel,,115,Profumi-,profumi,,,,,,,,,,,,,,
123,"yves Saint Laurent-",yves-saint-laurent,,115,Profumi-,profumi,,,,,,,,,,,,,,
124,"Louis Vuitton-",louis-vuitton,,115,Profumi-,profumi,,,,,,,,,,,,,,
125,Versace-,versace,,115,Profumi-,profumi,,,,,,,,,,,,,,
126,Valentino-,valentino,,115,Profumi-,profumi,,,,,,,,,,,,,,
127,Trussardi-,trussardi,,115,Profumi-,profumi,,,,,,,,,,,,,,
128,Dsquared-,dsquared,,115,Profumi-,profumi,,,,,,,,,,,,,,
129,Givenchy-,givenchy,,115,Profumi-,profumi,,,,,,,,,,,,,,
130,"Tom Ford-",tom-ford,,115,Profumi-,profumi,,,,,,,,,,,,,,
131,Mororph-,mororph,,115,Profumi-,profumi,,,,,,,,,,,,,,
132,"Salvatore Ferragano-",salvatore-ferragano,,115,Profumi-,profumi,,,,,,,,,,,,,,
133,"Rocco Barocco-",rocco-barocco,,115,Profumi-,profumi,,,,,,,,,,,,,,
134,"Ralph Lauren-",ralph-lauren,,115,Profumi-,profumi,,,,,,,,,,,,,,
135,Balmain-,balmain,,115,Profumi-,profumi,,,,,,,,,,,,,,
136,"Narciso Rodrigues-",narciso-rodrigues,,115,Profumi-,profumi,,,,,,,,,,,,,,
137,Moschino-,moschino,,115,Profumi-,profumi,,,,,,,,,,,,,,
138,Moncler-,moncler,,115,Profumi-,profumi,,,,,,,,,,,,,,
139,"Laura Biagiotti-",laura-biagiotti,,115,Profumi-,profumi,,,,,,,,,,,,,,
140,Iceberg-,iceberg,,115,Profumi-,profumi,,,,,,,,,,,,,,
141,Hermes-,hermes,,115,Profumi-,profumi,,,,,,,,,,,,,,
142,"Dolce &amp; Gabbana-",dolce-gabbana,,115,Profumi-,profumi,,,,,,,,,,,,,,
143,"Costume Nazionale-",costume-nazionale,,115,Profumi-,profumi,,,,,,,,,,,,,,
144,Cavalli-,cavalli,,115,Profumi-,profumi,,,,,,,,,,,,,,
145,"Calvin Klein-",calvin-klein,,115,Profumi-,profumi,,,,,,,,,,,,,,
146,Bulgari-,bulgari,,115,Profumi-,profumi,,,,,,,,,,,,,,
147,Balenciaga-,balenciaga,,115,Profumi-,profumi,,,,,,,,,,,,,,
148,Armani-,armani,,115,Profumi-,profumi,,,,,,,,,,,,,,
149,Montale-,montale,,115,Profumi-,profumi,,,,,,,,,,,,,,
150,"Alexander Mecqueen+",alexander-mecqueen,,117,Profumi+,profumi-uomo,,,,,,,,,,,,,,
151,Prada+,prada-profumi-uomo,,117,Profumi+,profumi-uomo,,,,,,,,,,,,,,
152,Gucci+,gucci-profumi-uomo,,117,Profumi+,profumi-uomo,,,,,,,,,,,,,,
153,"Christian Dior+",christian-dior-profumi-uomo,,117,Profumi+,profumi-uomo,,,,,,,,,,,,,,
154,Chanel+,chanel-profumi-uomo,,117,Profumi+,profumi-uomo,,,,,,,,,,,,,,
155,"Yves Saint Laurent+",yves-saint-laurent-profumi-uomo,,117,Profumi+,profumi-uomo,,,,,,,,,,,,,,
156,"Louis Vuiotton+",louis-vuiotton,,117,Profumi+,profumi-uomo,,,,,,,,,,,,,,
157,Versace+,versace-profumi-uomo,,117,Profumi+,profumi-uomo,,,,,,,,,,,,,,
158,Valentino+,valentino-profumi-uomo,,117,Profumi+,profumi-uomo,,,,,,,,,,,,,,
159,Trussardi+,trussardi-profumi-uomo,,117,Profumi+,profumi-uomo,,,,,,,,,,,,,,
160,Dsquared+,dsquared-profumi-uomo,,117,Profumi+,profumi-uomo,,,,,,,,,,,,,,
161,Givenchy+,givenchy-profumi-uomo,,117,Profumi+,profumi-uomo,,,,,,,,,,,,,,
162,"Tom Ford+",tom-ford-profumi-uomo,,117,Profumi+,profumi-uomo,,,,,,,,,,,,,,
163,Morph+,morph,,117,Profumi+,profumi-uomo,,,,,,,,,,,,,,
164,"Salvatore Ferragamo+",salvatore-ferragamo,,117,Profumi+,profumi-uomo,,,,,,,,,,,,,,
165,"Rocco Barocco+",rocco-barocco-profumi-uomo,,117,Profumi+,profumi-uomo,,,,,,,,,,,,,,
166,"Ralph Lauren+",ralph-lauren-profumi-uomo,,117,Profumi+,profumi-uomo,,,,,,,,,,,,,,
167,Balman+,balman,,117,Profumi+,profumi-uomo,,,,,,,,,,,,,,
168,"Narciso Rodiguez+",narciso-rodiguez,,117,Profumi+,profumi-uomo,,,,,,,,,,,,,,
169,Moschino+,moschino-profumi-uomo,,117,Profumi+,profumi-uomo,,,,,,,,,,,,,,
170,Moncler+,moncler-profumi-uomo,,117,Profumi+,profumi-uomo,,,,,,,,,,,,,,
171,"Laura Biagiotti+",laura-biagiotti-profumi-uomo,,117,Profumi+,profumi-uomo,,,,,,,,,,,,,,
172,Iceberg+,iceberg-profumi-uomo,,117,Profumi+,profumi-uomo,,,,,,,,,,,,,,
173,Hermes+,hermes-profumi-uomo,,117,Profumi+,profumi-uomo,,,,,,,,,,,,,,
174,"Dolce &amp; Gabbana+",dolce-gabbana-profumi-uomo,,117,Profumi+,profumi-uomo,,,,,,,,,,,,,,
175,"Costume Nazionale+",costume-nazionale-profumi-uomo,,117,Profumi+,profumi-uomo,,,,,,,,,,,,,,
176,Cavalli+,cavalli-profumi-uomo,,117,Profumi+,profumi-uomo,,,,,,,,,,,,,,
177,"Calvin Klein+",calvin-klein-profumi-uomo,,117,Profumi+,profumi-uomo,,,,,,,,,,,,,,
178,Bulgari+,bulgari-profumi-uomo,,117,Profumi+,profumi-uomo,,,,,,,,,,,,,,
179,Balenciaga+,balenciaga-profumi-uomo,,117,Profumi+,profumi-uomo,,,,,,,,,,,,,,
180,Armani+,armani-profumi-uomo,,117,Profumi+,profumi-uomo,,,,,,,,,,,,,,
181,Montale+,montale-profumi-uomo,,117,Profumi+,profumi-uomo,,,,,,,,,,,,,,
182,"Alexander Mcqueen scarpe da uomo",alexander-mcqueen-scarpe-da-uomo,,116,"Scarpe da uomo",scarpe-da-uomo,,31,products,5608,,,https://grandeshop.it/wp-content/uploads/2023/10/Sneaker-Oversize-Uomo-Nero-bianco-4.png,Sneaker-Oversize-Uomo-Nero-bianco-4.png,/home/fwbibudd/public_html/wp-content/uploads/2023/10/Sneaker-Oversize-Uomo-Nero-bianco-4.png,5608,Sneaker-Oversize-Uomo-Nero-bianco-4,,,
183,"Air Jordan++",air-jordan,,116,"Scarpe da uomo",scarpe-da-uomo,,,,,,,,,,,,,,
184,Nike++,nike,,116,"Scarpe da uomo",scarpe-da-uomo,,,,,,,,,,,,,,
185,Valentino++,valentino-scarpe-uomo,,116,"Scarpe da uomo",scarpe-da-uomo,,,,,,,,,,,,,,
186,Gucci++,gucci-scarpe-uomo,,116,"Scarpe da uomo",scarpe-da-uomo,,,,,,,,,,,,,,
187,"Louis Vuitton++",louis-vuitton-scarpe-uomo,,116,"Scarpe da uomo",scarpe-da-uomo,,,,,,,,,,,,,,
188,"Dolce &amp; Gabbana++",dolce-gabbana-scarpe-uomo,,116,"Scarpe da uomo",scarpe-da-uomo,,,,,,,,,,,,,,
189,Dsquared++,dsquared-scarpe-uomo,,116,"Scarpe da uomo",scarpe-da-uomo,,,,,,,,,,,,,,
190,Armani++,armani-scarpe-uomo,,116,"Scarpe da uomo",scarpe-da-uomo,,,,,,,,,,,,,,
191,Balenciaga++,balenciaga-scarpe-uomo,,116,"Scarpe da uomo",scarpe-da-uomo,,,,,,,,,,,,,,
192,"Versace scarpe da uomo",versace-scarpe-da-uomo,,116,"Scarpe da uomo",scarpe-da-uomo,,22,products,5007,,,https://grandeshop.it/wp-content/uploads/2023/10/Odissea-Sneakers-Shoes-Versace-5.png,Odissea-Sneakers-Shoes-Versace-5.png,/home/fwbibudd/public_html/wp-content/uploads/2023/10/Odissea-Sneakers-Shoes-Versace-5.png,5007,Odissea-Sneakers-Shoes-Versace-5,,,
193,"Versace scarpe da donna",versace-scarpe-da-donna,,113,"Scarpe da donna",scarpe-da-donna,,13,products,5631,,,https://grandeshop.it/wp-content/uploads/2023/10/Odissea-Sneakers-donna-Versace-rosa-5.png,Odissea-Sneakers-donna-Versace-rosa-5.png,/home/fwbibudd/public_html/wp-content/uploads/2023/10/Odissea-Sneakers-donna-Versace-rosa-5.png,5631,Odissea-Sneakers-donna-Versace-rosa-5,,,
194,Balenciaga-+,balenciaga-scarpe,,113,"Scarpe da donna",scarpe-da-donna,,,,,,,,,,,,,,
195,Armani-+,armani-scarpe,,113,"Scarpe da donna",scarpe-da-donna,,,,,,,,,,,,,,
196,Dsquared-+,dsquared-scarpe,,113,"Scarpe da donna",scarpe-da-donna,,,,,,,,,,,,,,
197,"Dolce &amp; Gabbana-+",dolce-gabbana-scarpe,,113,"Scarpe da donna",scarpe-da-donna,,,,,,,,,,,,,,
198,"Louis Vuitton-+",louis-vuitton-scarpe,,113,"Scarpe da donna",scarpe-da-donna,,,,,,,,,,,,,,
199,Gucci-+,gucci-scarpe,,113,"Scarpe da donna",scarpe-da-donna,,,,,,,,,,,,,,
200,Valentino-+,valentino-scarpe,,113,"Scarpe da donna",scarpe-da-donna,,,,,,,,,,,,,,
201,Nike-+,nike-scarpe,,113,"Scarpe da donna",scarpe-da-donna,,,,,,,,,,,,,,
202,"Air Jordan-+",air-jordan-scarpe,,113,"Scarpe da donna",scarpe-da-donna,,,,,,,,,,,,,,
203,Fendi-+,fendi,,113,"Scarpe da donna",scarpe-da-donna,,,,,,,,,,,,,,
205,"Alexander Mcqueen-+",alexander-mcqueen-scarpe,,113,"Scarpe da donna",scarpe-da-donna,,,,,,,,,,,,,,
206,Versace-+-,versace-borse,,114,Borse-,borse,,,,,,,,,,,,,,
207,Balenciaga-+-,balenciaga-borse,,114,Borse-,borse,,,,,,,,,,,,,,
208,"Louis Vuitton-+-",louis-vuitton-borse,,114,Borse-,borse,,,,,,,,,,,,,,
209,Gucci-+-,gucci-borse,,114,Borse-,borse,,,,,,,,,,,,,,
210,"Christian Dior-+-",christian-dior-borse,,114,Borse-,borse,,,,,,,,,,,,,,
211,Prada-+-,prada-borse,,114,Borse-,borse,,,,,,,,,,,,,,
212,Fendi-+-,fendi-borse,,114,Borse-,borse,,,,,,,,,,,,,,
213,Chanel-+-,chanel-borse,,114,Borse-,borse,,,,,,,,,,,,,,
214,"Yves Saint Laurent-+-",yves-saint-laurent-borse,,114,Borse-,borse,,,,,,,,,,,,,,
215,Borse+,borse-uomo,,96,Uomo,uomo,,,,,,,,,,,,,,
216,Versace+++,versace-borse-uomo,,215,Borse+,borse-uomo,,,,,,,,,,,,,,
217,Balenciaga+++,balenciaga-borse-uomo,,215,Borse+,borse-uomo,,,,,,,,,,,,,,
218,"Louis Vuitton+++",louis-vuitton-borse-uomo,,215,Borse+,borse-uomo,,,,,,,,,,,,,,
219,Gucci+++,gucci-borse-uomo,,215,Borse+,borse-uomo,,,,,,,,,,,,,,
220,"Christian Dior+++",christian-dior-borse-uomo,,215,Borse+,borse-uomo,,,,,,,,,,,,,,
221,Fendi+++,fendi-borse-uomo,,215,Borse+,borse-uomo,,,,,,,,,,,,,,
222,Prada+++,prada-borse-uomo,,215,Borse+,borse-uomo,,,,,,,,,,,,,,
223,Dsquared+++,dsquared-borse-uomo,,215,Borse+,borse-uomo,,,,,,,,,,,,,,
224,Fendi++,fendi-scarpe-uomo,,116,"Scarpe da uomo",scarpe-da-uomo,,,,,,,,,,,,,,
225,Fendi+,fendi-profumi-uomo,,117,Profumi+,profumi-uomo,,,,,,,,,,,,,,
226,Fendi-,fendi-profumi,,115,Profumi-,profumi,,,,,,,,,,,,,,
254,"Sneakers da uomo Alexander Mcqueen",sneakers-da-uomo-alexander-mcqueen,,182,"Alexander Mcqueen scarpe da uomo",alexander-mcqueen-scarpe-da-uomo,27,27,,5608,,,https://grandeshop.it/wp-content/uploads/2023/10/Sneaker-Oversize-Uomo-Nero-bianco-4.png,Sneaker-Oversize-Uomo-Nero-bianco-4.png,/home/fwbibudd/public_html/wp-content/uploads/2023/10/Sneaker-Oversize-Uomo-Nero-bianco-4.png,5608,Sneaker-Oversize-Uomo-Nero-bianco-4,,,
255,"Stivali da uomo Versace",stivali-da-uomo-versace,,192,"Versace scarpe da uomo",versace-scarpe-da-uomo,6,6,,6908,,,https://grandeshop.it/wp-content/uploads/2023/10/Greca-Stivaletti-Shoes-Portico-uomo-Versace-modello-1-5.png,Greca-Stivaletti-Shoes-Portico-uomo-Versace-modello-1-5.png,/home/fwbibudd/public_html/wp-content/uploads/2023/10/Greca-Stivaletti-Shoes-Portico-uomo-Versace-modello-1-5.png,6908,Greca-Stivaletti-Shoes-Portico-uomo-Versace-modello-1-5,,,
256,"Sneakers da uomo Versace",sneakers-da-uomo-versace,,192,"Versace scarpe da uomo",versace-scarpe-da-uomo,16,16,,5007,,,https://grandeshop.it/wp-content/uploads/2023/10/Odissea-Sneakers-Shoes-Versace-5.png,Odissea-Sneakers-Shoes-Versace-5.png,/home/fwbibudd/public_html/wp-content/uploads/2023/10/Odissea-Sneakers-Shoes-Versace-5.png,5007,Odissea-Sneakers-Shoes-Versace-5,,,
257,"Sprint runner da uomo",sprint-runner-da-uomo,,182,"Alexander Mcqueen scarpe da uomo",alexander-mcqueen-scarpe-da-uomo,1,1,,,,,,,,,,,,
258,"Tread slick da uomo Alexander Mcqueen",tread-slick-da-uomo-alexander-mcqueen,,182,"Alexander Mcqueen scarpe da uomo",alexander-mcqueen-scarpe-da-uomo,3,3,,,,,,,,,,,,
259,"Sneakers da donna Versace",sneakers-da-donna-versace,,193,"Versace scarpe da donna",versace-scarpe-da-donna,13,13,,5631,,,https://grandeshop.it/wp-content/uploads/2023/10/Odissea-Sneakers-donna-Versace-rosa-5.png,Odissea-Sneakers-donna-Versace-rosa-5.png,/home/fwbibudd/public_html/wp-content/uploads/2023/10/Odissea-Sneakers-donna-Versace-rosa-5.png,5631,Odissea-Sneakers-donna-Versace-rosa-5,,,
260,Bambini,bambini,"<!-- slug:/bambino/ -->",15,Shop,shop,,17,subcategories,,,,,,,,,,,
261,Lifestyle,lifestyle,"<!-- slug:/lifestyle/ -->",,,,,,,,,,,,,,,,,
262,"Tutto l'abbigliamento",donna-abbigliamento,"&nbsp;

<!-- slug:/donna/abbigliamento/ -->",105,Donna,donna,,3272,,9808,,,https://grandeshop.it/wp-content/uploads/2023/11/241120231700839179.jpeg,241120231700839179.jpeg,/home/fwbibudd/public_html/wp-content/uploads/2023/11/241120231700839179.jpeg,9808,241120231700839179.jpeg,,,
263,Abiti,donna-abbigliamento-abito,"<!-- slug:/donna/abbigliamento/abito/ -->",262,"Tutto l'abbigliamento",donna-abbigliamento,,,,,,,,,,,,,,
264,Cappotti,donna-abbigliamento-cappotto,"<!-- slug:/donna/abbigliamento/cappotto/ -->",262,"Tutto l'abbigliamento",donna-abbigliamento,,,,,,,,,,,,,,
265,Gonne,donna-abbigliamento-gonna,"<!-- slug:/donna/abbigliamento/gonna/ -->",262,"Tutto l'abbigliamento",donna-abbigliamento,,,,,,,,,,,,,,
266,Blazer,donna-abbigliamento-giacca,"<!-- slug:/donna/abbigliamento/giacca/ -->",262,"Tutto l'abbigliamento",donna-abbigliamento,220,220,,9125,,,https://grandeshop.it/wp-content/uploads/2023/11/241120231700838865.jpeg,241120231700838865.jpeg,/home/fwbibudd/public_html/wp-content/uploads/2023/11/241120231700838865.jpeg,9125,241120231700838865.jpeg,,,
267,Jeans,donna-abbigliamento-jeans,"<!-- slug:/donna/abbigliamento/jeans/ -->",262,"Tutto l'abbigliamento",donna-abbigliamento,401,401,,9221,,,https://grandeshop.it/wp-content/uploads/2023/11/241120231700838894.jpeg,241120231700838894.jpeg,/home/fwbibudd/public_html/wp-content/uploads/2023/11/241120231700838894.jpeg,9221,241120231700838894.jpeg,,,
268,Maglieria,donna-abbigliamento-maglia,"<!-- slug:/donna/abbigliamento/maglia/ -->",262,"Tutto l'abbigliamento",donna-abbigliamento,,,,,,,,,,,,,,
269,T-shirt,donna-abbigliamento-t-shirt,"<!-- slug:/donna/abbigliamento/t-shirt/ -->",262,"Tutto l'abbigliamento",donna-abbigliamento,353,353,,43233,,,https://grandeshop.it/wp-content/uploads/2023/11/251120231700923253.jpeg,251120231700923253.jpeg,/home/fwbibudd/public_html/wp-content/uploads/2023/11/251120231700923253.jpeg,43233,251120231700923253.jpeg,,,
270,Pantaloni,donna-abbigliamento-pantalone,"<!-- slug:/donna/abbigliamento/pantalone/ -->",262,"Tutto l'abbigliamento",donna-abbigliamento,,,,,,,,,,,,,,
271,"Top e bluse",donna-abbigliamento-top,"<!-- slug:/donna/abbigliamento/top/ -->",262,"Tutto l'abbigliamento",donna-abbigliamento,123,123,,9027,,,https://grandeshop.it/wp-content/uploads/2023/11/241120231700838812.jpeg,241120231700838812.jpeg,/home/fwbibudd/public_html/wp-content/uploads/2023/11/241120231700838812.jpeg,9027,241120231700838812.jpeg,,,
272,Camicie,abbigliamento-camicia,"<!-- slug:/abbigliamento/camicia/ -->",,,,,,,,,,,,,,,,,
273,Trench,donna-abbigliamento-trench,"<!-- slug:/donna/abbigliamento/trench/ -->",262,"Tutto l'abbigliamento",donna-abbigliamento,70,70,,9615,,,https://grandeshop.it/wp-content/uploads/2023/11/241120231700839078.jpeg,241120231700839078.jpeg,/home/fwbibudd/public_html/wp-content/uploads/2023/11/241120231700839078.jpeg,9615,241120231700839078.jpeg,,,
274,Giacche,donna-abbigliamento-giubbotto,"<!-- slug:/donna/abbigliamento/giubbotto/ -->",262,"Tutto l'abbigliamento",donna-abbigliamento,,,,,,,,,,,,,,
275,"Intimo e lingerie",donna-abbigliamento-intimo,"<!-- slug:/donna/abbigliamento/intimo/ -->",262,"Tutto l'abbigliamento",donna-abbigliamento,,,,,,,,,,,,,,
276,Tute,donna-abbigliamento-tuta,"<!-- slug:/donna/abbigliamento/tuta/ -->",262,"Tutto l'abbigliamento",donna-abbigliamento,,,,,,,,,,,,,,
277,"Tutte le borse",donna-borse,"<!-- slug:/donna/borse/ -->",105,Donna,donna,,1113,,45180,,,https://grandeshop.it/wp-content/uploads/2023/11/251120231700924120.jpeg,251120231700924120.jpeg,/home/fwbibudd/public_html/wp-content/uploads/2023/11/251120231700924120.jpeg,45180,251120231700924120.jpeg,,,
278,"Borse mini e tracolline",donna-borse-borsa-mini,"<!-- slug:/donna/borse/borsa-mini/ -->",277,"Tutte le borse",donna-borse,,,,,,,,,,,,,,
279,"Borse a mano",donna-borse-borse-a-mano,"<!-- slug:/donna/borse/borse-a-mano/ -->",277,"Tutte le borse",donna-borse,,,,,,,,,,,,,,
280,"Borse a spalla",donna-borse-borse-a-spalla,"<!-- slug:/donna/borse/borse-a-spalla/ -->",277,"Tutte le borse",donna-borse,,,,,,,,,,,,,,
281,"Clutch e pochette",donna-borse-clutch-e-borse-da-sera,"<!-- slug:/donna/borse/clutch-e-borse-da-sera/ -->",277,"Tutte le borse",donna-borse,,,,,,,,,,,,,,
282,"Borse tote",donna-borse-borse-tote,"<!-- slug:/donna/borse/borse-tote/ -->",277,"Tutte le borse",donna-borse,101,101,,45385,,,https://grandeshop.it/wp-content/uploads/2023/11/251120231700924191.jpeg,251120231700924191.jpeg,/home/fwbibudd/public_html/wp-content/uploads/2023/11/251120231700924191.jpeg,45385,251120231700924191.jpeg,,,
283,"Borse a tracolla",donna-borse-borse-a-tracolla,"<!-- slug:/donna/borse/borse-a-tracolla/ -->",277,"Tutte le borse",donna-borse,101,101,,43728,,,https://grandeshop.it/wp-content/uploads/2023/11/251120231700923448.jpeg,251120231700923448.jpeg,/home/fwbibudd/public_html/wp-content/uploads/2023/11/251120231700923448.jpeg,43728,251120231700923448.jpeg,,,
284,Zaini,donna-borse-zaino,"<!-- slug:/donna/borse/zaino/ -->",277,"Tutte le borse",donna-borse,,,,,,,,,,,,,,
285,Marsupi,donna-borse-marsupio,"<!-- slug:/donna/borse/marsupio/ -->",277,"Tutte le borse",donna-borse,,,,,,,,,,,,,,
286,"Tutte le scarpe",donna-scarpe,"<!-- slug:/donna/scarpe/ -->",105,Donna,donna,,1433,,43818,,,https://grandeshop.it/wp-content/uploads/2023/11/251120231700923487.jpeg,251120231700923487.jpeg,/home/fwbibudd/public_html/wp-content/uploads/2023/11/251120231700923487.jpeg,43818,251120231700923487.jpeg,,,
287,"Décolleté e pump",donna-scarpe-decollete,"<!-- slug:/donna/scarpe/decollete/ -->",286,"Tutte le scarpe",donna-scarpe,,,,,,,,,,,,,,
288,Mocassini,donna-scarpe-mocassini,"<!-- slug:/donna/scarpe/mocassini/ -->",286,"Tutte le scarpe",donna-scarpe,179,179,,41368,,,https://grandeshop.it/wp-content/uploads/2023/11/251120231700921809.jpeg,251120231700921809.jpeg,/home/fwbibudd/public_html/wp-content/uploads/2023/11/251120231700921809.jpeg,41368,251120231700921809.jpeg,,,
289,Sneakers,donna-scarpe-sneakers,"<!-- slug:/donna/scarpe/sneakers/ -->",286,"Tutte le scarpe",donna-scarpe,359,359,,44716,,,https://grandeshop.it/wp-content/uploads/2023/11/251120231700923953.jpeg,251120231700923953.jpeg,/home/fwbibudd/public_html/wp-content/uploads/2023/11/251120231700923953.jpeg,44716,251120231700923953.jpeg,,,
290,Stivaletti,donna-scarpe-stivaletti,"<!-- slug:/donna/scarpe/stivaletti/ -->",286,"Tutte le scarpe",donna-scarpe,175,175,,45755,,,https://grandeshop.it/wp-content/uploads/2023/11/251120231700927255.jpeg,251120231700927255.jpeg,/home/fwbibudd/public_html/wp-content/uploads/2023/11/251120231700927255.jpeg,45755,251120231700927255.jpeg,,,
291,Stivali,donna-scarpe-stivali,"<!-- slug:/donna/scarpe/stivali/ -->",286,"Tutte le scarpe",donna-scarpe,110,110,,46087,,,https://grandeshop.it/wp-content/uploads/2023/11/251120231700927465.jpeg,251120231700927465.jpeg,/home/fwbibudd/public_html/wp-content/uploads/2023/11/251120231700927465.jpeg,46087,251120231700927465.jpeg,,,
292,Ballerine,donna-scarpe-ballerine,"<!-- slug:/donna/scarpe/ballerine/ -->",286,"Tutte le scarpe",donna-scarpe,62,62,,45700,,,https://grandeshop.it/wp-content/uploads/2023/11/251120231700927240.jpeg,251120231700927240.jpeg,/home/fwbibudd/public_html/wp-content/uploads/2023/11/251120231700927240.jpeg,45700,251120231700927240.jpeg,,,
293,"Scarpe con tacco",donna-scarpe-scarpe-con-tacco,"<!-- slug:/donna/scarpe/scarpe-con-tacco/ -->",286,"Tutte le scarpe",donna-scarpe,93,93,,45776,,,https://grandeshop.it/wp-content/uploads/2023/11/251120231700927261.jpeg,251120231700927261.jpeg,/home/fwbibudd/public_html/wp-content/uploads/2023/11/251120231700927261.jpeg,45776,251120231700927261.jpeg,,,
294,"Sandali con tacco",donna-scarpe-sandali-con-tacco,"<!-- slug:/donna/scarpe/sandali-con-tacco/ -->",286,"Tutte le scarpe",donna-scarpe,126,126,,43818,,,https://grandeshop.it/wp-content/uploads/2023/11/251120231700923487.jpeg,251120231700923487.jpeg,/home/fwbibudd/public_html/wp-content/uploads/2023/11/251120231700923487.jpeg,43818,251120231700923487.jpeg,,,
295,Stringate,donna-scarpe-stringate,"<!-- slug:/donna/scarpe/stringate/ -->",286,"Tutte le scarpe",donna-scarpe,63,63,,46681,,,https://grandeshop.it/wp-content/uploads/2023/11/251120231700927716.jpeg,251120231700927716.jpeg,/home/fwbibudd/public_html/wp-content/uploads/2023/11/251120231700927716.jpeg,46681,251120231700927716.jpeg,,,
296,"Tutti gli accessori",donna-accessori,"<!-- slug:/donna/accessori/ -->",105,Donna,donna,,1338,,46968,,,https://grandeshop.it/wp-content/uploads/2023/11/251120231700927978.jpeg,251120231700927978.jpeg,/home/fwbibudd/public_html/wp-content/uploads/2023/11/251120231700927978.jpeg,46968,251120231700927978.jpeg,,,
297,Gioielli,donna-accessori-gioielli,"<!-- slug:/donna/accessori/gioielli/ -->",296,"Tutti gli accessori",donna-accessori,263,263,,52485,,,https://grandeshop.it/wp-content/uploads/2023/11/251120231700932727.jpeg,251120231700932727.jpeg,/home/fwbibudd/public_html/wp-content/uploads/2023/11/251120231700932727.jpeg,52485,251120231700932727.jpeg,,,
298,"Occhiali da sole",donna-accessori-occhiali,"<!-- slug:/donna/accessori/occhiali/ -->",296,"Tutti gli accessori",donna-accessori,212,212,,46860,,,https://grandeshop.it/wp-content/uploads/2023/11/251120231700927928.jpeg,251120231700927928.jpeg,/home/fwbibudd/public_html/wp-content/uploads/2023/11/251120231700927928.jpeg,46860,251120231700927928.jpeg,,,
299,Portafogli,donna-accessori-portafogli,"<!-- slug:/donna/accessori/portafogli/ -->",296,"Tutti gli accessori",donna-accessori,,,,,,,,,,,,,,
300,Cappelli,donna-accessori-cappello,"<!-- slug:/donna/accessori/cappello/ -->",296,"Tutti gli accessori",donna-accessori,,,,,,,,,,,,,,
301,Foulard,donna-accessori-foulard,"<!-- slug:/donna/accessori/foulard/ -->",296,"Tutti gli accessori",donna-accessori,67,67,,46968,,,https://grandeshop.it/wp-content/uploads/2023/11/251120231700927978.jpeg,251120231700927978.jpeg,/home/fwbibudd/public_html/wp-content/uploads/2023/11/251120231700927978.jpeg,46968,251120231700927978.jpeg,,,
302,Sciarpe,donna-accessori-sciarpa,"<!-- slug:/donna/accessori/sciarpa/ -->",296,"Tutti gli accessori",donna-accessori,,,,,,,,,,,,,,
303,Cinture,donna-accessori-cintura,"<!-- slug:/donna/accessori/cintura/ -->",296,"Tutti gli accessori",donna-accessori,,,,,,,,,,,,,,
304,Calze,donna-accessori-calze,"<!-- slug:/donna/accessori/calze/ -->",336,"Tutti gli accessori",uomo-accessori,131,131,,52210,,,https://grandeshop.it/wp-content/uploads/2023/11/251120231700932402.jpeg,251120231700932402.jpeg,/home/fwbibudd/public_html/wp-content/uploads/2023/11/251120231700932402.jpeg,52210,251120231700932402.jpeg,,,
305,Guanti,donna-accessori-guanti,"<!-- slug:/donna/accessori/guanti/ -->",,,,65,65,,63253,,,https://grandeshop.it/wp-content/uploads/2023/11/251120231700954889.jpeg,251120231700954889.jpeg,/home/fwbibudd/public_html/wp-content/uploads/2023/11/251120231700954889.jpeg,63253,251120231700954889.jpeg,,,
306,"Accessori per capelli",donna-accessori-fermacapelli,"<!-- slug:/donna/accessori/fermacapelli/ -->",296,"Tutti gli accessori",donna-accessori,,,,,,,,,,,,,,
307,"Porta trucco",donna-accessori-portatrucco,"<!-- slug:/donna/accessori/portatrucco/ -->",296,"Tutti gli accessori",donna-accessori,,,,46870,,,https://grandeshop.it/wp-content/uploads/2023/11/251120231700927936.jpeg,251120231700927936.jpeg,/home/fwbibudd/public_html/wp-content/uploads/2023/11/251120231700927936.jpeg,46870,251120231700927936.jpeg,,,
308,Cover,donna-accessori-cover,"<!-- slug:/donna/accessori/cover/ -->",296,"Tutti gli accessori",donna-accessori,,,,,,,,,,,,,,
309,"Tutto l'abbigliamento",uomo-abbigliamento,"<!-- slug:/uomo/abbigliamento/ -->",96,Uomo,uomo,,424,,45373,,,https://grandeshop.it/wp-content/uploads/2023/11/251120231700924185.jpeg,251120231700924185.jpeg,/home/fwbibudd/public_html/wp-content/uploads/2023/11/251120231700924185.jpeg,45373,251120231700924185.jpeg,,,
310,Abiti,uomo-abbigliamento-abito,"<!-- slug:/uomo/abbigliamento/abito/ -->",309,"Tutto l'abbigliamento",uomo-abbigliamento,,,,,,,,,,,,,,
311,Blazer,uomo-abbigliamento-giacca,"<!-- slug:/uomo/abbigliamento/giacca/ -->",309,"Tutto l'abbigliamento",uomo-abbigliamento,,,,,,,,,,,,,,
312,Camicie,uomo-abbigliamento-camicia,"<!-- slug:/uomo/abbigliamento/camicia/ -->",309,"Tutto l'abbigliamento",uomo-abbigliamento,,,,,,,,,,,,,,
313,Cappotto,uomo-abbigliamento-cappotto,"<!-- slug:/uomo/abbigliamento/cappotto/ -->",262,"Tutto l'abbigliamento",donna-abbigliamento,305,305,,9045,,,https://grandeshop.it/wp-content/uploads/2023/11/241120231700838829.jpeg,241120231700838829.jpeg,/home/fwbibudd/public_html/wp-content/uploads/2023/11/241120231700838829.jpeg,9045,241120231700838829.jpeg,,,
314,Cardigan,uomo-abbigliamento-cardigan,"<!-- slug:/uomo/abbigliamento/cardigan/ -->",309,"Tutto l'abbigliamento",uomo-abbigliamento,97,97,,45373,,,https://grandeshop.it/wp-content/uploads/2023/11/251120231700924185.jpeg,251120231700924185.jpeg,/home/fwbibudd/public_html/wp-content/uploads/2023/11/251120231700924185.jpeg,45373,251120231700924185.jpeg,,,
315,Felpe,uomo-abbigliamento-felpa,"<!-- slug:/uomo/abbigliamento/felpa/ -->",309,"Tutto l'abbigliamento",uomo-abbigliamento,,,,,,,,,,,,,,
316,"Giacche e giubbotti",uomo-abbigliamento-giubbotto,"<!-- slug:/uomo/abbigliamento/giubbotto/ -->",309,"Tutto l'abbigliamento",uomo-abbigliamento,,,,,,,,,,,,,,
317,Jeans,uomo-abbigliamento-jeans,"<!-- slug:/uomo/abbigliamento/jeans/ -->",309,"Tutto l'abbigliamento",uomo-abbigliamento,,,,,,,,,,,,,,
318,Maglieria,uomo-abbigliamento-maglia,"<!-- slug:/uomo/abbigliamento/maglia/ -->",309,"Tutto l'abbigliamento",uomo-abbigliamento,,,,,,,,,,,,,,
319,Pantaloni,uomo-abbigliamento-pantalone,"<!-- slug:/uomo/abbigliamento/pantalone/ -->",309,"Tutto l'abbigliamento",uomo-abbigliamento,,,,,,,,,,,,,,
320,Polo,uomo-abbigliamento-polo,"<!-- slug:/uomo/abbigliamento/polo/ -->",309,"Tutto l'abbigliamento",uomo-abbigliamento,82,82,,47318,,,https://grandeshop.it/wp-content/uploads/2023/11/251120231700928458.jpeg,251120231700928458.jpeg,/home/fwbibudd/public_html/wp-content/uploads/2023/11/251120231700928458.jpeg,47318,251120231700928458.jpeg,,,
321,T-shirt,uomo-abbigliamento-t-shirt,"<!-- slug:/uomo/abbigliamento/t-shirt/ -->",309,"Tutto l'abbigliamento",uomo-abbigliamento,,,,,,,,,,,,,,
322,"Tutte le borse",uomo-borse,"<!-- slug:/uomo/borse/ -->",96,Uomo,uomo,,179,,41691,,,https://grandeshop.it/wp-content/uploads/2023/11/251120231700921946.jpeg,251120231700921946.jpeg,/home/fwbibudd/public_html/wp-content/uploads/2023/11/251120231700921946.jpeg,41691,251120231700921946.jpeg,,,
323,"Borse a tracolla",uomo-borse-borse-a-tracolla,"<!-- slug:/uomo/borse/borse-a-tracolla/ -->",322,"Tutte le borse",uomo-borse,,,,,,,,,,,,,,
324,"Borse da lavoro",uomo-borse-portadocumenti,"<!-- slug:/uomo/borse/portadocumenti/ -->",322,"Tutte le borse",uomo-borse,,,,,,,,,,,,,,
325,Marsupi,uomo-borse-marsupio,"<!-- slug:/uomo/borse/marsupio/ -->",322,"Tutte le borse",uomo-borse,,,,,,,,,,,,,,
326,"Valigie e borsoni",uomo-borse-valigia,"<!-- slug:/uomo/borse/valigia/ -->",322,"Tutte le borse",uomo-borse,,,,,,,,,,,,,,
327,Zaini,uomo-borse-zaino,"<!-- slug:/uomo/borse/zaino/ -->",322,"Tutte le borse",uomo-borse,,,,,,,,,,,,,,
328,Borsa,uomo-borse-borsa,"<!-- slug:/uomo/borse/borsa/ -->",277,"Tutte le borse",donna-borse,158,158,,51764,,,https://grandeshop.it/wp-content/uploads/2023/11/251120231700930506.jpeg,251120231700930506.jpeg,/home/fwbibudd/public_html/wp-content/uploads/2023/11/251120231700930506.jpeg,51764,251120231700930506.jpeg,,,
329,"Tutte le scarpe",uomo-scarpe,"<!-- slug:/uomo/scarpe/ -->",96,Uomo,uomo,,166,,42417,,,https://grandeshop.it/wp-content/uploads/2023/11/251120231700922372.jpeg,251120231700922372.jpeg,/home/fwbibudd/public_html/wp-content/uploads/2023/11/251120231700922372.jpeg,42417,251120231700922372.jpeg,,,
330,Sneakers,uomo-scarpe-sneakers,"<!-- slug:/uomo/scarpe/sneakers/ -->",329,"Tutte le scarpe",uomo-scarpe,,,,,,,,,,,,,,
331,Mocassini,uomo-scarpe-mocassini,"<!-- slug:/uomo/scarpe/mocassini/ -->",329,"Tutte le scarpe",uomo-scarpe,,,,,,,,,,,,,,
332,Stivaletti,uomo-scarpe-stivaletti,"<!-- slug:/uomo/scarpe/stivaletti/ -->",329,"Tutte le scarpe",uomo-scarpe,,,,,,,,,,,,,,
333,Polacchine,uomo-scarpe-polacchini,"<!-- slug:/uomo/scarpe/polacchini/ -->",329,"Tutte le scarpe",uomo-scarpe,55,55,,78952,,,https://grandeshop.it/wp-content/uploads/2023/11/281120231701129854.jpeg,281120231701129854.jpeg,/home/fwbibudd/public_html/wp-content/uploads/2023/11/281120231701129854.jpeg,78952,281120231701129854.jpeg,,,
334,"Scarpe stringate",uomo-scarpe-stringate,"<!-- slug:/uomo/scarpe/stringate/ -->",329,"Tutte le scarpe",uomo-scarpe,107,107,,42417,,,https://grandeshop.it/wp-content/uploads/2023/11/251120231700922372.jpeg,251120231700922372.jpeg,/home/fwbibudd/public_html/wp-content/uploads/2023/11/251120231700922372.jpeg,42417,251120231700922372.jpeg,,,
335,Scarpe,uomo-scarpe-scarpe,"<!-- slug:/uomo/scarpe/scarpe/ -->",286,"Tutte le scarpe",donna-scarpe,183,183,,59992,,,https://grandeshop.it/wp-content/uploads/2023/11/251120231700953677.jpeg,251120231700953677.jpeg,/home/fwbibudd/public_html/wp-content/uploads/2023/11/251120231700953677.jpeg,59992,251120231700953677.jpeg,,,
336,"Tutti gli accessori",uomo-accessori,"<!-- slug:/uomo/accessori/ -->",96,Uomo,uomo,,509,,52210,,,https://grandeshop.it/wp-content/uploads/2023/11/251120231700932402.jpeg,251120231700932402.jpeg,/home/fwbibudd/public_html/wp-content/uploads/2023/11/251120231700932402.jpeg,52210,251120231700932402.jpeg,,,
337,Beautycase,uomo-accessori-beautycase,"<!-- slug:/uomo/accessori/beautycase/ -->",336,"Tutti gli accessori",uomo-accessori,57,57,,74460,,,https://grandeshop.it/wp-content/uploads/2023/11/261120231701040328.jpeg,261120231701040328.jpeg,/home/fwbibudd/public_html/wp-content/uploads/2023/11/261120231701040328.jpeg,74460,261120231701040328.jpeg,,,
338,Calze,uomo-accessori-calze,"<!-- slug:/uomo/accessori/calze/ -->",336,"Tutti gli accessori",uomo-accessori,,,,,,,,,,,,,,
339,"Cappelli e berretti",uomo-accessori-cappello,"<!-- slug:/uomo/accessori/cappello/ -->",336,"Tutti gli accessori",uomo-accessori,,,,,,,,,,,,,,
340,Cinture,uomo-accessori-cintura,"<!-- slug:/uomo/accessori/cintura/ -->",336,"Tutti gli accessori",uomo-accessori,,,,,,,,,,,,,,
341,Cover,uomo-accessori-cover,"<!-- slug:/uomo/accessori/cover/ -->",336,"Tutti gli accessori",uomo-accessori,,,,,,,,,,,,,,
342,Foulard,uomo-accessori-foulard,"<!-- slug:/uomo/accessori/foulard/ -->",336,"Tutti gli accessori",uomo-accessori,,,,,,,,,,,,,,
343,Gioielli,uomo-accessori-bijoux,"<!-- slug:/uomo/accessori/bijoux/ -->",336,"Tutti gli accessori",uomo-accessori,,,,,,,,,,,,,,
344,"Occhiali da sole",uomo-accessori-occhiali,"<!-- slug:/uomo/accessori/occhiali/ -->",336,"Tutti gli accessori",uomo-accessori,,,,,,,,,,,,,,
345,Papillon,uomo-accessori-papillon,"<!-- slug:/uomo/accessori/papillon/ -->",336,"Tutti gli accessori",uomo-accessori,22,22,,150613,,,https://grandeshop.it/wp-content/uploads/2023/12/041220231701657146.jpeg,041220231701657146.jpeg,/home/fwbibudd/public_html/wp-content/uploads/2023/12/041220231701657146.jpeg,150613,041220231701657146.jpeg,,,
346,Portachiavi,uomo-accessori-portachiavi,"<!-- slug:/uomo/accessori/portachiavi/ -->",296,"Tutti gli accessori",donna-accessori,47,47,,47086,,,https://grandeshop.it/wp-content/uploads/2023/11/251120231700928071.jpeg,251120231700928071.jpeg,/home/fwbibudd/public_html/wp-content/uploads/2023/11/251120231700928071.jpeg,47086,251120231700928071.jpeg,,,
347,"Portafogli e porta carte",uomo-accessori-portafogli,"<!-- slug:/uomo/accessori/portafogli/ -->",336,"Tutti gli accessori",uomo-accessori,,,,,,,,,,,,,,
348,Sciarpe,uomo-accessori-sciarpa,"<!-- slug:/uomo/accessori/sciarpa/ -->",336,"Tutti gli accessori",uomo-accessori,,,,,,,,,,,,,,
349,Maglieria,bambino-abbigliamento-bimbo-maglia,"<!-- slug:/bambino/abbigliamento-bimbo/maglia/ -->",,,,,,,,,,,,,,,,,
350,"Magliette e t-shirt",bambino-abbigliamento-bimbo-t-shirt,"<!-- slug:/bambino/abbigliamento-bimbo/t-shirt/ -->",,,,,,,,,,,,,,,,,
351,Pantaloni,bambino-abbigliamento-bimbo-pantalone,"<!-- slug:/bambino/abbigliamento-bimbo/pantalone/ -->",,,,,,,,,,,,,,,,,
352,Cappotti,bambino-abbigliamento-bimbo-cappotto,"<!-- slug:/bambino/abbigliamento-bimbo/cappotto/ -->",,,,,,,,,,,,,,,,,
353,Jeans,bambino-abbigliamento-bimbo-jeans,"<!-- slug:/bambino/abbigliamento-bimbo/jeans/ -->",,,,,,,,,,,,,,,,,
354,Camicie,bambino-abbigliamento-bimbo-camicia,"<!-- slug:/bambino/abbigliamento-bimbo/camicia/ -->",,,,,,,,,,,,,,,,,
355,Blazer,bambino-abbigliamento-bimbo-giacca,"<!-- slug:/bambino/abbigliamento-bimbo/giacca/ -->",,,,,,,,,,,,,,,,,
356,"Scarpe bambino",bambino-scarpe-bimbo,"<!-- slug:/bambino/scarpe-bimbo/ -->",260,Bambini,bambini,,,,,,,,,,,,,,
357,"Giacche e Giubbotti",bambino-abbigliamento-bimbo-giubbotto,"<!-- slug:/bambino/abbigliamento-bimbo/giubbotto/ -->",,,,,,,,,,,,,,,,,
358,Cappotti,bambino-abbigliamento-bimba-cappotto,"<!-- slug:/bambino/abbigliamento-bimba/cappotto/ -->",,,,,,,,,,,,,,,,,
359,"Abitini e vestiti",bambino-abbigliamento-bimba-abito,"<!-- slug:/bambino/abbigliamento-bimba/abito/ -->",,,,,,,,,,,,,,,,,
360,Gonne,bambino-abbigliamento-bimba-gonna,"<!-- slug:/bambino/abbigliamento-bimba/gonna/ -->",,,,,,,,,,,,,,,,,
361,"Giacche e giubbotti",bambino-abbigliamento-bimba-giubbotto,"<!-- slug:/bambino/abbigliamento-bimba/giubbotto/ -->",,,,,,,,,,,,,,,,,
362,Maglieria,bambino-abbigliamento-bimba-maglia,"<!-- slug:/bambino/abbigliamento-bimba/maglia/ -->",,,,,,,,,,,,,,,,,
363,Jeans,bambino-abbigliamento-bimba-jeans,"<!-- slug:/bambino/abbigliamento-bimba/jeans/ -->",,,,,,,,,,,,,,,,,
364,Pantaloni,bambino-abbigliamento-bimba-pantalone,"<!-- slug:/bambino/abbigliamento-bimba/pantalone/ -->",,,,,,,,,,,,,,,,,
365,Completo,bambino-abbigliamento-bimba-completo,"<!-- slug:/bambino/abbigliamento-bimba/completo/ -->",,,,78,78,,115940,,,https://grandeshop.it/wp-content/uploads/2023/12/031220231701584361.jpeg,031220231701584361.jpeg,/home/fwbibudd/public_html/wp-content/uploads/2023/12/031220231701584361.jpeg,115940,031220231701584361.jpeg,,,
366,"Magliette e t-shirt",bambino-abbigliamento-bimba-t-shirt,"<!-- slug:/bambino/abbigliamento-bimba/t-shirt/ -->",,,,,,,,,,,,,,,,,
367,"Scarpe Bambina",bambino-scarpe-bimba,"<!-- slug:/bambino/scarpe-bimba/ -->",260,Bambini,bambini,,,,,,,,,,,,,,
368,"Abitini e pagliaccetti",bambino-abbigliamento-neonato-abito,"<!-- slug:/bambino/abbigliamento-neonato/abito/ -->",,,,,,,,,,,,,,,,,
369,"Giacche e giubbotti",bambino-abbigliamento-neonato-giubbotto,"<!-- slug:/bambino/abbigliamento-neonato/giubbotto/ -->",,,,,,,,,,,,,,,,,
370,Maglieria,bambino-abbigliamento-neonato-maglia,"<!-- slug:/bambino/abbigliamento-neonato/maglia/ -->",,,,,,,,,,,,,,,,,
371,"T-shirt e polo",bambino-abbigliamento-neonato-t-shirt,"<!-- slug:/bambino/abbigliamento-neonato/t-shirt/ -->",,,,,,,,,,,,,,,,,
372,Jeans,bambino-abbigliamento-neonato-jeans,"<!-- slug:/bambino/abbigliamento-neonato/jeans/ -->",,,,,,,,,,,,,,,,,
373,Cappotto,bambino-abbigliamento-neonato-cappotto,"<!-- slug:/bambino/abbigliamento-neonato/cappotto/ -->",,,,,,,,,,,,,,,,,
374,Completini,bambino-abbigliamento-neonato-completo,"<!-- slug:/bambino/abbigliamento-neonato/completo/ -->",,,,,,,,,,,,,,,,,
375,Tuta,bambino-abbigliamento-neonato-tuta,"<!-- slug:/bambino/abbigliamento-neonato/tuta/ -->",,,,159,159,,63027,,,https://grandeshop.it/wp-content/uploads/2023/11/251120231700954754.jpeg,251120231700954754.jpeg,/home/fwbibudd/public_html/wp-content/uploads/2023/11/251120231700954754.jpeg,63027,251120231700954754.jpeg,,,
376,"Scarpe Neonato",bambino-scarpe-neonato,"<!-- slug:/bambino/scarpe-neonato/ -->",260,Bambini,bambini,,,,,,,,,,,,,,
377,"Tutti gli accessori",bambino-accessori,"<!-- slug:/bambino/accessori/ -->",,,,,166,,63145,,,https://grandeshop.it/wp-content/uploads/2023/11/251120231700954826.jpeg,251120231700954826.jpeg,/home/fwbibudd/public_html/wp-content/uploads/2023/11/251120231700954826.jpeg,63145,251120231700954826.jpeg,,,
378,"Cappelli bambino",bambino-accessori-cappello-bimbo,"<!-- slug:/bambino/accessori/cappello-bimbo/ -->",377,"Tutti gli accessori",bambino-accessori,,,,,,,,,,,,,,
379,"Cappello bimba",bambino-accessori-cappello-bimba,"<!-- slug:/bambino/accessori/cappello-bimba/ -->",377,"Tutti gli accessori",bambino-accessori,61,61,,43916,,,https://grandeshop.it/wp-content/uploads/2023/11/251120231700923539.jpeg,251120231700923539.jpeg,/home/fwbibudd/public_html/wp-content/uploads/2023/11/251120231700923539.jpeg,43916,251120231700923539.jpeg,,,
380,"Cappelli neonato",bambino-accessori-cappello-bebe,"<!-- slug:/bambino/accessori/cappello-bebe/ -->",377,"Tutti gli accessori",bambino-accessori,,,,,,,,,,,,,,
381,"Sciarpa bimbo",bambino-accessori-sciarpa-bimbo,"<!-- slug:/bambino/accessori/sciarpa-bimbo/ -->",377,"Tutti gli accessori",bambino-accessori,46,46,,,,,,,,,,,,
382,"Sciarpe bimba",bambino-accessori-sciarpa-bimba,"<!-- slug:/bambino/accessori/sciarpa-bimba/ -->",377,"Tutti gli accessori",bambino-accessori,,,,,,,,,,,,,,
383,"Foulard bambina",bambino-accessori-foulard-bimba,"<!-- slug:/bambino/accessori/foulard-bimba/ -->",377,"Tutti gli accessori",bambino-accessori,,,,,,,,,,,,,,
384,Guanti,bambino-accessori-guanti,"<!-- slug:/bambino/accessori/guanti/ -->",377,"Tutti gli accessori",bambino-accessori,,,,,,,,,,,,,,
385,"Calze bimba",bambino-accessori-calze-bimba,"<!-- slug:/bambino/accessori/calze-bimba/ -->",377,"Tutti gli accessori",bambino-accessori,23,23,,63145,,,https://grandeshop.it/wp-content/uploads/2023/11/251120231700954826.jpeg,251120231700954826.jpeg,/home/fwbibudd/public_html/wp-content/uploads/2023/11/251120231700954826.jpeg,63145,251120231700954826.jpeg,,,
386,"Calze bimbo",bambino-accessori-calze-bimbo,"<!-- slug:/bambino/accessori/calze-bimbo/ -->",377,"Tutti gli accessori",bambino-accessori,,,,,,,,,,,,,,
387,"Calze bebè",bambino-accessori-calze-bebe,"<!-- slug:/bambino/accessori/calze-bebe/ -->",377,"Tutti gli accessori",bambino-accessori,12,12,,63239,,,https://grandeshop.it/wp-content/uploads/2023/11/251120231700954884.jpeg,251120231700954884.jpeg,/home/fwbibudd/public_html/wp-content/uploads/2023/11/251120231700954884.jpeg,63239,251120231700954884.jpeg,,,
388,"Cinture bambini",bambino-accessori-cintura,"<!-- slug:/bambino/accessori/cintura/ -->",377,"Tutti gli accessori",bambino-accessori,,,,,,,,,,,,,,
389,"Papillon bambino",bambino-accessori-papillon,"<!-- slug:/bambino/accessori/papillon/ -->",377,"Tutti gli accessori",bambino-accessori,,,,,,,,,,,,,,
390,"Copertine culla",bambino-accessori-coperta,"<!-- slug:/bambino/accessori/coperta/ -->",377,"Tutti gli accessori",bambino-accessori,,,,,,,,,,,,,,
391,Bavaglini,bambino-accessori-bavaglini-bebe,"<!-- slug:/bambino/accessori/bavaglini-bebe/ -->",377,"Tutti gli accessori",bambino-accessori,24,24,,,,,,,,,,,,
392,"Borsa Mini",bambino-borse-borsa-mini,"<!-- slug:/bambino/borse/borsa-mini/ -->",277,"Tutte le borse",donna-borse,139,139,,71046,,,https://grandeshop.it/wp-content/uploads/2023/11/261120231701011716.jpeg,261120231701011716.jpeg,/home/fwbibudd/public_html/wp-content/uploads/2023/11/261120231701011716.jpeg,71046,261120231701011716.jpeg,,,
393,"Borse e zainetti",bambino-borse-borsa,"<!-- slug:/bambino/borse/borsa/ -->",,,,,,,,,,,,,,,,,
394,Zaino,bambino-borse-sacca,"<!-- slug:/bambino/borse/sacca/ -->",277,"Tutte le borse",donna-borse,207,207,,42014,,,https://grandeshop.it/wp-content/uploads/2023/11/251120231700922194.jpeg,251120231700922194.jpeg,/home/fwbibudd/public_html/wp-content/uploads/2023/11/251120231700922194.jpeg,42014,251120231700922194.jpeg,,,
395,"Lampade a sospensione",lifestyle-illuminazione-lampade-a-sospensione,"<!-- slug:/lifestyle/illuminazione/lampade-a-sospensione/ -->",,,,,,,,,,,,,,,,,
396,"Lampade da parete",lifestyle-illuminazione-lampade-da-parete,"<!-- slug:/lifestyle/illuminazione/lampade-da-parete/ -->",,,,,,,,,,,,,,,,,
397,"Lampade da tavolo",lifestyle-illuminazione-lampade-da-tavolo,"<!-- slug:/lifestyle/illuminazione/lampade-da-tavolo/ -->",,,,6,6,,102149,,,https://grandeshop.it/wp-content/uploads/2023/12/021220231701483290.jpeg,021220231701483290.jpeg,/home/fwbibudd/public_html/wp-content/uploads/2023/12/021220231701483290.jpeg,102149,021220231701483290.jpeg,,,
398,"Lampade da terra",lifestyle-illuminazione-lampade-da-terra,"<!-- slug:/lifestyle/illuminazione/lampade-da-terra/ -->",,,,,,,,,,,,,,,,,
399,Paralumi,lifestyle-illuminazione-paralumi,"<!-- slug:/lifestyle/illuminazione/paralumi/ -->",,,,,,,,,,,,,,,,,
400,"Accessori beauty",lifestyle-complementi-d-arredo-accessori-beauty,"<!-- slug:/lifestyle/complementi-d-arredo/accessori-beauty/ -->",,,,2,2,,,,,,,,,,,,
401,"Accessori da scrivania",lifestyle-complementi-d-arredo-accessori-da-scrivania,"<!-- slug:/lifestyle/complementi-d-arredo/accessori-da-scrivania/ -->",,,,7,7,,102457,,,https://grandeshop.it/wp-content/uploads/2023/12/021220231701485736.jpeg,021220231701485736.jpeg,/home/fwbibudd/public_html/wp-content/uploads/2023/12/021220231701485736.jpeg,102457,021220231701485736.jpeg,,,
402,"Accessori decorativi",lifestyle-complementi-d-arredo-accessori-decorativi,"<!-- slug:/lifestyle/complementi-d-arredo/accessori-decorativi/ -->",,,,6,6,,101919,,,https://grandeshop.it/wp-content/uploads/2023/12/021220231701482221.jpeg,021220231701482221.jpeg,/home/fwbibudd/public_html/wp-content/uploads/2023/12/021220231701482221.jpeg,101919,021220231701482221.jpeg,,,
403,"Candele e fragranze",lifestyle-complementi-d-arredo-candele-e-fragranze,"<!-- slug:/lifestyle/complementi-d-arredo/candele-e-fragranze/ -->",,,,68,68,,101453,,,https://grandeshop.it/wp-content/uploads/2023/12/021220231701481676.jpeg,021220231701481676.jpeg,/home/fwbibudd/public_html/wp-content/uploads/2023/12/021220231701481676.jpeg,101453,021220231701481676.jpeg,,,
404,Cuscini,lifestyle-complementi-d-arredo-cuscini,"<!-- slug:/lifestyle/complementi-d-arredo/cuscini/ -->",,,,42,42,,98802,,,https://grandeshop.it/wp-content/uploads/2023/12/011220231701454285.jpeg,011220231701454285.jpeg,/home/fwbibudd/public_html/wp-content/uploads/2023/12/011220231701454285.jpeg,98802,011220231701454285.jpeg,,,
405,"Incensi e diffusori",lifestyle-complementi-d-arredo-incensi-e-diffusori,"<!-- slug:/lifestyle/complementi-d-arredo/incensi-e-diffusori/ -->",,,,4,4,,101026,,,https://grandeshop.it/wp-content/uploads/2023/12/021220231701480099.jpeg,021220231701480099.jpeg,/home/fwbibudd/public_html/wp-content/uploads/2023/12/021220231701480099.jpeg,101026,021220231701480099.jpeg,,,
406,"Porta candele",lifestyle-complementi-d-arredo-porta-candele,"<!-- slug:/lifestyle/complementi-d-arredo/porta-candele/ -->",,,,5,5,,102137,,,https://grandeshop.it/wp-content/uploads/2023/12/021220231701483156.jpeg,021220231701483156.jpeg,/home/fwbibudd/public_html/wp-content/uploads/2023/12/021220231701483156.jpeg,102137,021220231701483156.jpeg,,,
407,Tappeti,lifestyle-complementi-d-arredo-tappeti,"<!-- slug:/lifestyle/complementi-d-arredo/tappeti/ -->",,,,2,2,,102597,,,https://grandeshop.it/wp-content/uploads/2023/12/021220231701486820.jpeg,021220231701486820.jpeg,/home/fwbibudd/public_html/wp-content/uploads/2023/12/021220231701486820.jpeg,102597,021220231701486820.jpeg,,,
408,Vasi,lifestyle-complementi-d-arredo-vasi,"<!-- slug:/lifestyle/complementi-d-arredo/vasi/ -->",,,,26,26,,102109,,,https://grandeshop.it/wp-content/uploads/2023/12/021220231701482769.jpeg,021220231701482769.jpeg,/home/fwbibudd/public_html/wp-content/uploads/2023/12/021220231701482769.jpeg,102109,021220231701482769.jpeg,,,
409,"Accessori da cucina",lifestyle-tavola-accessori-da-cucina,"<!-- slug:/lifestyle/tavola/accessori-da-cucina/ -->",,,,5,5,,104546,,,https://grandeshop.it/wp-content/uploads/2023/12/021220231701497025.jpeg,021220231701497025.jpeg,/home/fwbibudd/public_html/wp-content/uploads/2023/12/021220231701497025.jpeg,104546,021220231701497025.jpeg,,,
410,"Bicchieri e cocktail",lifestyle-tavola-bicchieri-e-cocktail,"<!-- slug:/lifestyle/tavola/bicchieri-e-cocktail/ -->",,,,9,9,,101417,,,https://grandeshop.it/wp-content/uploads/2023/12/021220231701481407.jpeg,021220231701481407.jpeg,/home/fwbibudd/public_html/wp-content/uploads/2023/12/021220231701481407.jpeg,101417,021220231701481407.jpeg,,,
411,"Bottiglie e caraffe",lifestyle-tavola-bottiglie-e-caraffe,"<!-- slug:/lifestyle/tavola/bottiglie-e-caraffe/ -->",,,,25,25,,103187,,,https://grandeshop.it/wp-content/uploads/2023/12/021220231701490822.jpeg,021220231701490822.jpeg,/home/fwbibudd/public_html/wp-content/uploads/2023/12/021220231701490822.jpeg,103187,021220231701490822.jpeg,,,
412,Piatti,lifestyle-tavola-piatti,"<!-- slug:/lifestyle/tavola/piatti/ -->",,,,34,34,,104100,,,https://grandeshop.it/wp-content/uploads/2023/12/021220231701494599.jpeg,021220231701494599.jpeg,/home/fwbibudd/public_html/wp-content/uploads/2023/12/021220231701494599.jpeg,104100,021220231701494599.jpeg,,,
413,"Te e caffè",lifestyle-tavola-te-e-caffe,"<!-- slug:/lifestyle/tavola/te-e-caffe/ -->",,,,26,26,,102651,,,https://grandeshop.it/wp-content/uploads/2023/12/021220231701487613.jpeg,021220231701487613.jpeg,/home/fwbibudd/public_html/wp-content/uploads/2023/12/021220231701487613.jpeg,102651,021220231701487613.jpeg,,,
414,Tovaglie,lifestyle-tavola-tovaglie,"<!-- slug:/lifestyle/tavola/tovaglie/ -->",,,,19,19,,100453,,,https://grandeshop.it/wp-content/uploads/2023/12/021220231701477648.jpeg||https://grandeshop.it/wp-content/uploads/2019/12/banner-06.jpg,021220231701477648.jpeg||banner-06.jpg,/home/fwbibudd/public_html/wp-content/uploads/2023/12/021220231701477648.jpeg||/home/fwbibudd/public_html/wp-content/uploads/2019/12/banner-06.jpg,100453||1209,021220231701477648.jpeg||banner-06,,,
415,Vassoi,lifestyle-tavola-vassoi,"<!-- slug:/lifestyle/tavola/vassoi/ -->",,,,8,8,,104176,,,https://grandeshop.it/wp-content/uploads/2023/12/021220231701495048.jpeg,021220231701495048.jpeg,/home/fwbibudd/public_html/wp-content/uploads/2023/12/021220231701495048.jpeg,104176,021220231701495048.jpeg,,,
416,"Abbigliamento da camera",lifestyle-biancheria-da-letto-abbigliamento-da-camera,"<!-- slug:/lifestyle/biancheria-da-letto/abbigliamento-da-camera/ -->",,,,37,37,,106222,,,https://grandeshop.it/wp-content/uploads/2023/12/021220231701499937.jpeg,021220231701499937.jpeg,/home/fwbibudd/public_html/wp-content/uploads/2023/12/021220231701499937.jpeg,106222,021220231701499937.jpeg,,,
417,"Copriletti e plaid",lifestyle-biancheria-da-letto-copriletti-e-plaid,"<!-- slug:/lifestyle/biancheria-da-letto/copriletti-e-plaid/ -->",,,,30,30,,103066,,,https://grandeshop.it/wp-content/uploads/2023/12/021220231701489364.jpeg,021220231701489364.jpeg,/home/fwbibudd/public_html/wp-content/uploads/2023/12/021220231701489364.jpeg,103066,021220231701489364.jpeg,,,
418,Accappatoi,lifestyle-biancheria-da-bagno-accappatoi,"<!-- slug:/lifestyle/biancheria-da-bagno/accappatoi/ -->",,,,29,29,,100243,,,https://grandeshop.it/wp-content/uploads/2023/12/021220231701477379.jpeg,021220231701477379.jpeg,/home/fwbibudd/public_html/wp-content/uploads/2023/12/021220231701477379.jpeg,100243,021220231701477379.jpeg,,,
419,"Asciugamani e teli",lifestyle-biancheria-da-bagno-asciugamani-e-teli,"<!-- slug:/lifestyle/biancheria-da-bagno/asciugamani-e-teli/ -->",,,,50,50,,144548,,,https://grandeshop.it/wp-content/uploads/2023/12/041220231701648182.jpeg,041220231701648182.jpeg,/home/fwbibudd/public_html/wp-content/uploads/2023/12/041220231701648182.jpeg,144548,041220231701648182.jpeg,,,
420,"Accessori tech",lifestyle-high-tech-accessori-tech,"<!-- slug:/lifestyle/high-tech/accessori-tech/ -->",,,,27,27,,100617,,,https://grandeshop.it/wp-content/uploads/2023/12/021220231701478628.jpeg,021220231701478628.jpeg,/home/fwbibudd/public_html/wp-content/uploads/2023/12/021220231701478628.jpeg,100617,021220231701478628.jpeg,,,
421,"Accessori per animali",lifestyle-tempo-libero-accessori-per-animali,"<!-- slug:/lifestyle/tempo-libero/accessori-per-animali/ -->",,,,24,24,,102738,,,https://grandeshop.it/wp-content/uploads/2023/12/021220231701487830.jpeg,021220231701487830.jpeg,/home/fwbibudd/public_html/wp-content/uploads/2023/12/021220231701487830.jpeg,102738,021220231701487830.jpeg,,,
422,Giochi,lifestyle-tempo-libero-giochi,"<!-- slug:/lifestyle/tempo-libero/giochi/ -->",,,,2,2,,,,,,,,,,,,
423,Libri,lifestyle-tempo-libero-libri,"<!-- slug:/lifestyle/tempo-libero/libri/ -->",,,,65,65,,134634,,,https://grandeshop.it/wp-content/uploads/2023/12/031220231701602653.jpeg,031220231701602653.jpeg,/home/fwbibudd/public_html/wp-content/uploads/2023/12/031220231701602653.jpeg,134634,031220231701602653.jpeg,,,
424,Sport,lifestyle-tempo-libero-sport,"<!-- slug:/lifestyle/tempo-libero/sport/ -->",,,,4,4,,102301,,,https://grandeshop.it/wp-content/uploads/2023/12/021220231701484813.jpeg,021220231701484813.jpeg,/home/fwbibudd/public_html/wp-content/uploads/2023/12/021220231701484813.jpeg,102301,021220231701484813.jpeg,,,
425,Loewe,loewe-uomo,"<!-- slug:/loewe/uomo.html -->",96,Uomo,uomo,,,,,,,,,,,,,,
426,Ferragamo,salvatore-ferragamo-uomo,"<!-- slug:/salvatore-ferragamo/uomo.html -->",96,Uomo,uomo,,,,,,,,,,,,,,
427,Diesel,diesel-uomo,"<!-- slug:/diesel/uomo.html -->",96,Uomo,uomo,,,,,,,,,,,,,,
428,Adidas,adidas-uomo,"<!-- slug:/adidas/uomo.html -->",96,Uomo,uomo,,,,,,,,,,,,,,
429,"Jw Anderson",jw-anderson-uomo,"<!-- slug:/jw-anderson/uomo.html -->",96,Uomo,uomo,,,,,,,,,,,,,,
430,Salomon,salomon-uomo,"<!-- slug:/salomon/uomo.html -->",96,Uomo,uomo,,,,,,,,,,,,,,
431,"New Balance",new-balance-uomo,"<!-- slug:/new-balance/uomo.html -->",96,Uomo,uomo,,,,,,,,,,,,,,
432,"Brunello Cucinelli",brunello-cucinelli-uomo,"<!-- slug:/brunello-cucinelli/uomo.html -->",96,Uomo,uomo,,,,,,,,,,,,,,
433,"Alexander McQueen",alexander-mcqueen-uomo,"<!-- slug:/alexander-mcqueen/uomo.html -->",96,Uomo,uomo,,,,,,,,,,,,,,
434,"Maison Margiela",maison-margiela-uomo,"<!-- slug:/maison-margiela/uomo.html -->",96,Uomo,uomo,,,,,,,,,,,,,,
435,Balmain,balmain-uomo,"<!-- slug:/balmain/uomo.html -->",96,Uomo,uomo,,,,,,,,,,,,,,
436,"Bottega Veneta",bottega-veneta-uomo,"<!-- slug:/bottega-veneta/uomo.html -->",96,Uomo,uomo,,,,,,,,,,,,,,
437,Burberry,burberry-uomo,"<!-- slug:/burberry/uomo.html -->",96,Uomo,uomo,,,,,,,,,,,,,,
438,"Christian Louboutin",christian-louboutin-uomo,"<!-- slug:/christian-louboutin/uomo.html -->",96,Uomo,uomo,,,,,,,,,,,,,,
439,Etro,etro-uomo,"<!-- slug:/etro/uomo.html -->",96,Uomo,uomo,,,,,,,,,,,,,,
440,Fendi,fendi-uomo,"<!-- slug:/fendi/uomo.html -->",96,Uomo,uomo,,,,,,,,,,,,,,
441,"Saint Laurent",saint-laurent-paris-uomo,"<!-- slug:/saint-laurent-paris/uomo.html -->",96,Uomo,uomo,,,,,,,,,,,,,,
442,"Thom Browne",thom-browne-uomo,"<!-- slug:/thom-browne/uomo.html -->",96,Uomo,uomo,,,,,,,,,,,,,,
443,Valentino,valentino-uomo,"<!-- slug:/valentino/uomo.html -->",96,Uomo,uomo,,,,,,,,,,,,,,
444,Versace,versace-uomo,"<!-- slug:/versace/uomo.html -->",96,Uomo,uomo,,,,,,,,,,,,,,
445,Zegna,ermenegildo-zegna-uomo,"<!-- slug:/ermenegildo-zegna/uomo.html -->",96,Uomo,uomo,,,,,,,,,,,,,,
446,"Acne Studios",acne-studios-uomo,"<!-- slug:/acne-studios/uomo.html -->",96,Uomo,uomo,,,,,,,,,,,,,,
447,"C.P. Company",c-p-company-uomo,"<!-- slug:/c-p-company/uomo.html -->",96,Uomo,uomo,,,,,,,,,,,,,,
448,"Carhartt WIP",carhartt-wip-uomo,"<!-- slug:/carhartt-wip/uomo.html -->",96,Uomo,uomo,,,,,,,,,,,,,,
449,"Isabel Marant",isabel-marant-uomo,"<!-- slug:/isabel-marant/uomo.html -->",96,Uomo,uomo,,,,,,,,,,,,,,
450,"MM6 Maison Margiela",mm6-maison-margiela-uomo,"<!-- slug:/mm6-maison-margiela/uomo.html -->",96,Uomo,uomo,,,,,,,,,,,,,,
451,Marni,marni-uomo,"<!-- slug:/marni/uomo.html -->",96,Uomo,uomo,,,,,,,,,,,,,,
452,Off-White,off-white-uomo,"<!-- slug:/off-white/uomo.html -->",96,Uomo,uomo,,,,,,,,,,,,,,
453,"Our Legacy",our-legacy-uomo,"<!-- slug:/our-legacy/uomo.html -->",96,Uomo,uomo,,,,,,,,,,,,,,
454,Peuterey,peuterey-uomo,"<!-- slug:/peuterey/uomo.html -->",96,Uomo,uomo,,,,,,,,,,,,,,
455,"Polo Ralph Lauren",polo-ralph-lauren-uomo,"<!-- slug:/polo-ralph-lauren/uomo.html -->",96,Uomo,uomo,,,,,,,,,,,,,,
456,"Stone Island",stone-island-uomo,"<!-- slug:/stone-island/uomo.html -->",96,Uomo,uomo,,,,,,,,,,,,,,
457,Dsquared2,uomo-abbigliamento-dsquared2,"<!-- slug:/uomo/abbigliamento/dsquared2_t/ -->",96,Uomo,uomo,,,,,,,,,,,,,,
458,"JW Anderson",uomo-abbigliamento-jw-anderson,"<!-- slug:/uomo/abbigliamento/jw-anderson_t/ -->",96,Uomo,uomo,,,,,,,,,,,,,,
459,"Mm6 Maison Margiela",uomo-abbigliamento-mm6-maison-margiela,"<!-- slug:/uomo/abbigliamento/mm6-maison-margiela_t/ -->",96,Uomo,uomo,,,,,,,,,,,,,,
460,"Palm Angels",uomo-abbigliamento-palm-angels,"<!-- slug:/uomo/abbigliamento/palm-angels_t/ -->",96,Uomo,uomo,,,,,,,,,,,,,,
461,"Jil Sander",uomo-borse-jil-sander,"<!-- slug:/uomo/borse/jil-sander_t/ -->",96,Uomo,uomo,,,,,,,,,,,,,,
462,"Valentino Garavani",uomo-borse-valentino-garavani,"<!-- slug:/uomo/borse/valentino-garavani_t/ -->",96,Uomo,uomo,,,,,,,,,,,,,,
463,"Emporio Armani",uomo-borse-emporio-armani,"<!-- slug:/uomo/borse/emporio-armani_t/ -->",96,Uomo,uomo,,,,,,,,,,,,,,
464,"JW Anderson",uomo-borse-a-p-c,"<!-- slug:/uomo/borse/a-p-c_t/ -->",96,Uomo,uomo,,,,,,,,,,,,,,
465,Lemaire,uomo-borse-lemaire,"<!-- slug:/uomo/borse/lemaire_t/ -->",96,Uomo,uomo,,,,,,,,,,,,,,
466,Rains,uomo-borse-rains,"<!-- slug:/uomo/borse/rains_t/ -->",96,Uomo,uomo,,,,,,,,,,,,,,
467,"The North Face",uomo-borse-the-north-face,"<!-- slug:/uomo/borse/the-north-face_t/ -->",96,Uomo,uomo,,,,,,,,,,,,,,
468,Tod's,uomo-scarpe-tod-s,"<!-- slug:/uomo/scarpe/tod-s_t/ -->",96,Uomo,uomo,,,,,,,,,,,,,,
469,Asics,uomo-scarpe-asics,"<!-- slug:/uomo/scarpe/asics_t/ -->",96,Uomo,uomo,,,,,,,,,,,,,,
470,"Golden Goose",uomo-scarpe-golden-goose,"<!-- slug:/uomo/scarpe/golden-goose_t/ -->",96,Uomo,uomo,,,,,,,,,,,,,,
471,Hogan,uomo-scarpe-hogan,"<!-- slug:/uomo/scarpe/hogan_t/ -->",96,Uomo,uomo,,,,,,,,,,,,,,
472,Balenciaga,uomo-accessori-balenciaga,"<!-- slug:/uomo/accessori/balenciaga_t/ -->",96,Uomo,uomo,,,,,,,,,,,,,,
473,"Versace Jeans Couture",uomo-accessori-versace-jeans-couture,"<!-- slug:/uomo/accessori/versace-jeans-couture_t/ -->",96,Uomo,uomo,,,,,,,,,,,,,,
474,Fay,outlet-outlet-uomo-fayd,"<!-- slug:/outlet/outlet-uomo/fay_d/ -->",96,Uomo,uomo,,,,,,,,,,,,,,
475,GCDS,outlet-outlet-uomo-gcdsd,"<!-- slug:/outlet/outlet-uomo/gcds_d/ -->",96,Uomo,uomo,,,,,,,,,,,,,,
476,Marsèll,outlet-outlet-uomo-marselld,"<!-- slug:/outlet/outlet-uomo/marsell_d/ -->",96,Uomo,uomo,,,,,,,,,,,,,,
477,Marni,marni-donna,"<!-- slug:/marni/donna.html -->",105,Donna,donna,,,,,,,,,,,,,,
478,"Solace London",solace-london-donna,"<!-- slug:/solace-london/donna.html -->",105,Donna,donna,,,,,,,,,,,,,,
479,"Jil Sander",jil-sander-donna,"<!-- slug:/jil-sander/donna.html -->",105,Donna,donna,,,,,,,,,,,,,,
480,"Brunello Cucinelli",brunello-cucinelli-donna,"<!-- slug:/brunello-cucinelli/donna.html -->",105,Donna,donna,,,,,,,,,,,,,,
481,Courrèges,courreges-donna,"<!-- slug:/courreges/donna.html -->",105,Donna,donna,,,,,,,,,,,,,,
482,"Acne Studios",acne-studios-donna,"<!-- slug:/acne-studios/donna.html -->",105,Donna,donna,,,,,,,,,,,,,,
483,Jacquemus,jacquemus-donna,"<!-- slug:/jacquemus/donna.html -->",105,Donna,donna,,,,,,,,,,,,,,
484,Diesel,diesel-donna,"<!-- slug:/diesel/donna.html -->",105,Donna,donna,,,,,,,,,,,,,,
485,Coperni,coperni-donna,"<!-- slug:/coperni/donna.html -->",105,Donna,donna,,,,,,,,,,,,,,
486,"JW Anderson",jw-anderson-donna,"<!-- slug:/jw-anderson/donna.html -->",105,Donna,donna,,,,,,,,,,,,,,
487,"Alexander McQueen",alexander-mcqueen-donna,"<!-- slug:/alexander-mcqueen/donna.html -->",105,Donna,donna,,,,,,,,,,,,,,
488,Balenciaga,balenciaga-donna,"<!-- slug:/balenciaga/donna.html -->",105,Donna,donna,,,,,,,,,,,,,,
489,Balmain,balmain-donna,"<!-- slug:/balmain/donna.html -->",105,Donna,donna,,,,,,,,,,,,,,
490,"Bottega Veneta",bottega-veneta-donna,"<!-- slug:/bottega-veneta/donna.html -->",105,Donna,donna,,,,,,,,,,,,,,
491,Burberry,burberry-donna,"<!-- slug:/burberry/donna.html -->",105,Donna,donna,,,,,,,,,,,,,,
492,Chloé,chloe-donna,"<!-- slug:/chloe/donna.html -->",105,Donna,donna,,,,,,,,,,,,,,
493,Etro,etro-donna,"<!-- slug:/etro/donna.html -->",105,Donna,donna,,,,,,,,,,,,,,
494,Fendi,fendi-donna,"<!-- slug:/fendi/donna.html -->",105,Donna,donna,,,,,,,,,,,,,,
495,Ferragamo,salvatore-ferragamo-donna,"<!-- slug:/salvatore-ferragamo/donna.html -->",105,Donna,donna,,,,,,,,,,,,,,
496,"Giorgio Armani",giorgio-armani-donna,"<!-- slug:/giorgio-armani/donna.html -->",105,Donna,donna,,,,,,,,,,,,,,
497,"Manolo Blahnik",manolo-blahnik-donna,"<!-- slug:/manolo-blahnik/donna.html -->",105,Donna,donna,,,,,,,,,,,,,,
498,"Max Mara",max-mara-donna,"<!-- slug:/max-mara/donna.html -->",105,Donna,donna,,,,,,,,,,,,,,
499,"Roger Vivier",roger-vivier-donna,"<!-- slug:/roger-vivier/donna.html -->",105,Donna,donna,,,,,,,,,,,,,,
500,"Saint Laurent",saint-laurent-paris-donna,"<!-- slug:/saint-laurent-paris/donna.html -->",105,Donna,donna,,,,,,,,,,,,,,
501,"Stella McCartney",stella-mccartney-donna,"<!-- slug:/stella-mccartney/donna.html -->",105,Donna,donna,,,,,,,,,,,,,,
502,Valentino,valentino-donna,"<!-- slug:/valentino/donna.html -->",105,Donna,donna,,,,,,,,,,,,,,
503,Versace,versace-donna,"<!-- slug:/versace/donna.html -->",105,Donna,donna,,,,,,,,,,,,,,
504,Adidas,adidas-donna,"<!-- slug:/adidas/donna.html -->",105,Donna,donna,,,,,,,,,,,,,,
505,"Elisabetta Franchi",elisabetta-franchi-donna,"<!-- slug:/elisabetta-franchi/donna.html -->",105,Donna,donna,,,,,,,,,,,,,,
506,"Golden Goose",golden-goose-donna,"<!-- slug:/golden-goose/donna.html -->",105,Donna,donna,,,,,,,,,,,,,,
507,"Isabel Marant Etoile",isabel-marant-etoile-donna,"<!-- slug:/isabel-marant-etoile/donna.html -->",105,Donna,donna,,,,,,,,,,,,,,
508,Peuterey,peuterey-donna,"<!-- slug:/peuterey/donna.html -->",105,Donna,donna,,,,,,,,,,,,,,
509,"S Max Mara",s-max-mara-donna,"<!-- slug:/s-max-mara/donna.html -->",105,Donna,donna,,,,,,,,,,,,,,
510,"The Attico",the-attico-donna,"<!-- slug:/the-attico/donna.html -->",105,Donna,donna,,,,,,,,,,,,,,
511,"Versace Jeans Couture",versace-jeans-couture-donna,"<!-- slug:/versace-jeans-couture/donna.html -->",105,Donna,donna,,,,,,,,,,,,,,
512,Balenciaga,donna-abbigliamento-balenciaga,"<!-- slug:/donna/abbigliamento/balenciaga_t/ -->",105,Donna,donna,,,,,,,,,,,,,,
513,Balmain,donna-abbigliamento-balmain,"<!-- slug:/donna/abbigliamento/balmain_t/ -->",105,Donna,donna,,,,,,,,,,,,,,
514,Burberry,donna-abbigliamento-burberry,"<!-- slug:/donna/abbigliamento/burberry_t/ -->",105,Donna,donna,,,,,,,,,,,,,,
515,Etro,donna-abbigliamento-etro,"<!-- slug:/donna/abbigliamento/etro_t/ -->",105,Donna,donna,,,,,,,,,,,,,,
516,Fendi,donna-abbigliamento-fendi,"<!-- slug:/donna/abbigliamento/fendi_t/ -->",105,Donna,donna,,,,,,,,,,,,,,
517,"Saint Laurent",donna-abbigliamento-saint-laurent,"<!-- slug:/donna/abbigliamento/saint-laurent_t/ -->",105,Donna,donna,,,,,,,,,,,,,,
518,Valentino,donna-abbigliamento-valentino,"<!-- slug:/donna/abbigliamento/valentino_t/ -->",105,Donna,donna,,,,,,,,,,,,,,
519,Versace,donna-abbigliamento-versace,"<!-- slug:/donna/abbigliamento/versace_t/ -->",105,Donna,donna,,,,,,,,,,,,,,
520,Diesel,donna-abbigliamento-diesel,"<!-- slug:/donna/abbigliamento/diesel_t/ -->",105,Donna,donna,,,,,,,,,,,,,,
521,Ganni,donna-abbigliamento-ganni,"<!-- slug:/donna/abbigliamento/ganni_t/ -->",105,Donna,donna,,,,,,,,,,,,,,
522,"JW Anderson",donna-abbigliamento-jw-anderson,"<!-- slug:/donna/abbigliamento/jw-anderson_t/ -->",105,Donna,donna,,,,,,,,,,,,,,
523,"MM6 Maison Margiela",donna-abbigliamento-mm6-maison-margiela,"<!-- slug:/donna/abbigliamento/mm6-maison-margiela_t/ -->",105,Donna,donna,,,,,,,,,,,,,,
524,Rotate,donna-abbigliamento-rotate,"<!-- slug:/donna/abbigliamento/rotate_t/ -->",105,Donna,donna,,,,,,,,,,,,,,
525,Sportmax,donna-abbigliamento-sportmax,"<!-- slug:/donna/abbigliamento/sportmax_t/ -->",105,Donna,donna,,,,,,,,,,,,,,
526,"Versace Jeans Couture",donna-abbigliamento-versace-jeans-couture,"<!-- slug:/donna/abbigliamento/versace-jeans-couture_t/ -->",105,Donna,donna,,,,,,,,,,,,,,
527,"Bottega Veneta",donna-borse-bottega-veneta,"<!-- slug:/donna/borse/bottega-veneta_t/ -->",105,Donna,donna,,,,,,,,,,,,,,
528,Burberry,donna-borse-burberry,"<!-- slug:/donna/borse/burberry_t/ -->",105,Donna,donna,,,,,,,,,,,,,,
529,"Saint Laurent",donna-borse-saint-laurent,"<!-- slug:/donna/borse/saint-laurent_t/ -->",105,Donna,donna,,,,,,,,,,,,,,
530,Fendi,donna-borse-fendi,"<!-- slug:/donna/borse/fendi_t/ -->",105,Donna,donna,,,,,,,,,,,,,,
531,Balenciaga,donna-borse-balenciaga,"<!-- slug:/donna/borse/balenciaga_t/ -->",105,Donna,donna,,,,,,,,,,,,,,
532,Ferragamo,donna-borse-salvatore-ferragamo,"<!-- slug:/donna/borse/salvatore-ferragamo_t/ -->",105,Donna,donna,,,,,,,,,,,,,,
533,"Valentino Garavani",donna-borse-valentino-garavani,"<!-- slug:/donna/borse/valentino-garavani_t/ -->",105,Donna,donna,,,,,,,,,,,,,,
534,"Stella Mccartney",donna-borse-stella-mccartney,"<!-- slug:/donna/borse/stella-mccartney_t/ -->",105,Donna,donna,,,,,,,,,,,,,,
535,Chloè,donna-borse-chloe,"<!-- slug:/donna/borse/chloe_t/ -->",105,Donna,donna,,,,,,,,,,,,,,
536,A.P.C.,donna-borse-a-p-c,"<!-- slug:/donna/borse/a-p-c_t/ -->",105,Donna,donna,,,,,,,,,,,,,,
537,Coccinelle,donna-borse-coccinelle,"<!-- slug:/donna/borse/coccinelle_t/ -->",105,Donna,donna,,,,,,,,,,,,,,
538,"JW Anderson",donna-borse-jw-anderson,"<!-- slug:/donna/borse/jw-anderson_t/ -->",105,Donna,donna,,,,,,,,,,,,,,
539,"MM6 Maison Margiela",donna-borse-mm6-maison-margiela,"<!-- slug:/donna/borse/mm6-maison-margiela_t/ -->",105,Donna,donna,,,,,,,,,,,,,,
540,"Marc Jacobs",donna-borse-marc-jacobs,"<!-- slug:/donna/borse/marc-jacobs_t/ -->",105,Donna,donna,,,,,,,,,,,,,,
541,Marni,donna-borse-marni,"<!-- slug:/donna/borse/marni_t/ -->",105,Donna,donna,,,,,,,,,,,,,,
542,Pinko,donna-borse-pinko,"<!-- slug:/donna/borse/pinko_t/ -->",105,Donna,donna,,,,,,,,,,,,,,
543,Rabanne,donna-borse-paco-rabanne,"<!-- slug:/donna/borse/paco-rabanne_t/ -->",105,Donna,donna,,,,,,,,,,,,,,
544,"Saint Laurent",donna-scarpe-saint-laurent,"<!-- slug:/donna/scarpe/saint-laurent_t/ -->",105,Donna,donna,,,,,,,,,,,,,,
545,"Jimmy Choo",donna-scarpe-jimmy-choo,"<!-- slug:/donna/scarpe/jimmy-choo_t/ -->",105,Donna,donna,,,,,,,,,,,,,,
546,"Valentino Garavani",donna-scarpe-valentino-garavani,"<!-- slug:/donna/scarpe/valentino-garavani_t/ -->",105,Donna,donna,,,,,,,,,,,,,,
547,Ferragamo,donna-scarpe-salvatore-ferragamo,"<!-- slug:/donna/scarpe/salvatore-ferragamo_t/ -->",105,Donna,donna,,,,,,,,,,,,,,
548,Balenciaga,donna-scarpe-balenciaga,"<!-- slug:/donna/scarpe/balenciaga_t/ -->",105,Donna,donna,,,,,,,,,,,,,,
549,"Bottega Veneta",donna-scarpe-bottega-veneta,"<!-- slug:/donna/scarpe/bottega-veneta_t/ -->",105,Donna,donna,,,,,,,,,,,,,,
550,"Christian Louboutin",donna-scarpe-christian-louboutin,"<!-- slug:/donna/scarpe/christian-louboutin_t/ -->",105,Donna,donna,,,,,,,,,,,,,,
551,"Alexander McQueen",donna-scarpe-alexander-mcqueen,"<!-- slug:/donna/scarpe/alexander-mcqueen_t/ -->",105,Donna,donna,,,,,,,,,,,,,,
552,Aquazzura,donna-scarpe-aquazzura,"<!-- slug:/donna/scarpe/aquazzura_t/ -->",105,Donna,donna,,,,,,,,,,,,,,
553,Asics,donna-scarpe-asics,"<!-- slug:/donna/scarpe/asics_t/ -->",105,Donna,donna,,,,,,,,,,,,,,
554,"Dr. Martens",donna-scarpe-dr-martens,"<!-- slug:/donna/scarpe/dr-martens_t/ -->",105,Donna,donna,,,,,,,,,,,,,,
555,"Golden Goose",donna-scarpe-golden-goose,"<!-- slug:/donna/scarpe/golden-goose_t/ -->",105,Donna,donna,,,,,,,,,,,,,,
556,Hogan,donna-scarpe-hogan,"<!-- slug:/donna/scarpe/hogan_t/ -->",105,Donna,donna,,,,,,,,,,,,,,
557,Tod's,donna-scarpe-tods,"<!-- slug:/donna/scarpe/tods_t/ -->",105,Donna,donna,,,,,,,,,,,,,,
558,Ugg,donna-scarpe-ugg,"<!-- slug:/donna/scarpe/ugg_t/ -->",105,Donna,donna,,,,,,,,,,,,,,
559,Burberry,donna-accessori-burberry,"<!-- slug:/donna/accessori/burberry_t/ -->",105,Donna,donna,,,,,,,,,,,,,,
560,Balenciaga,donna-accessori-balenciaga,"<!-- slug:/donna/accessori/balenciaga_t/ -->",105,Donna,donna,,,,,,,,,,,,,,
561,Versace,donna-accessori-versace,"<!-- slug:/donna/accessori/versace_t/ -->",105,Donna,donna,,,,,,,,,,,,,,
562,"Saint Laurent",donna-accessori-saint-laurent,"<!-- slug:/donna/accessori/saint-laurent_t/ -->",105,Donna,donna,,,,,,,,,,,,,,
563,Etro,donna-accessori-etro,"<!-- slug:/donna/accessori/etro_t/ -->",105,Donna,donna,,,,,,,,,,,,,,
564,"Valentino Garavani",donna-accessori-valentino-garavani,"<!-- slug:/donna/accessori/valentino-garavani_t/ -->",105,Donna,donna,,,,,,,,,,,,,,
565,Ferragamo,donna-accessori-salvatore-ferragamo,"<!-- slug:/donna/accessori/salvatore-ferragamo_t/ -->",105,Donna,donna,,,,,,,,,,,,,,
566,Borsalino,donna-accessori-borsalino,"<!-- slug:/donna/accessori/borsalino_t/ -->",105,Donna,donna,,,,,,,,,,,,,,
567,Off-White,donna-accessori-off-white,"<!-- slug:/donna/accessori/off-white_t/ -->",105,Donna,donna,,,,,,,,,,,,,,
568,"Palm Angels",donna-accessori-palm-angels,"<!-- slug:/donna/accessori/palm-angels_t/ -->",105,Donna,donna,,,,,,,,,,,,,,
569,"Chiara Ferragni",donna-accessori-chiara-ferragni,"<!-- slug:/donna/accessori/chiara-ferragni_t/ -->",105,Donna,donna,,,,,,,,,,,,,,
570,"Alberta Ferretti",outlet-outlet-donna-alberta-ferrettid,"<!-- slug:/outlet/outlet-donna/alberta-ferretti_d/ -->",105,Donna,donna,,,,,,,,,,,,,,
571,Twinset,outlet-outlet-donna-twinsetd,"<!-- slug:/outlet/outlet-donna/twinset_d/ -->",105,Donna,donna,,,,,,,,,,,,,,
572,Etro,outlet-outlet-donna-etrod,"<!-- slug:/outlet/outlet-donna/etro_d/ -->",105,Donna,donna,,,,,,,,,,,,,,
573,GCDS,outlet-outlet-donna-gcdsd,"<!-- slug:/outlet/outlet-donna/gcds_d/ -->",105,Donna,donna,,,,,,,,,,,,,,
574,"L'Autre Chose",outlet-outlet-donna-l-autre-chosed,"<!-- slug:/outlet/outlet-donna/l-autre-chose_d/ -->",105,Donna,donna,,,,,,,,,,,,,,
575,Balenciaga,balenciaga-bambino,"<!-- slug:/balenciaga/bambino.html -->",260,Bambini,bambini,,,,,,,,,,,,,,
576,Balmain,balmain-bambino,"<!-- slug:/balmain/bambino.html -->",260,Bambini,bambini,,,,,,,,,,,,,,
577,Burberry,burberry-bambino,"<!-- slug:/burberry/bambino.html -->",260,Bambini,bambini,,,,,,,,,,,,,,
578,"Dolce &amp; Gabbana",dolce-gabbana-bambino,"<!-- slug:/dolce-gabbana/bambino.html -->",260,Bambini,bambini,,,,,,,,,,,,,,
579,"Dsquared2 Junior",dsquared2-junior-bambino,"<!-- slug:/dsquared2-junior/bambino.html -->",260,Bambini,bambini,,,,,,,,,,,,,,
580,"Elisabetta Franchi",elisabetta-franchi-bambino,"<!-- slug:/elisabetta-franchi/bambino.html -->",260,Bambini,bambini,,,,,,,,,,,,,,
581,Fendi,fendi-bambino,"<!-- slug:/fendi/bambino.html -->",260,Bambini,bambini,,,,,,,,,,,,,,
582,Gucci,gucci-bambino,"<!-- slug:/gucci/bambino.html -->",260,Bambini,bambini,,,,,,,,,,,,,,
583,"Il Gufo",il-gufo-bambino,"<!-- slug:/il-gufo/bambino.html -->",260,Bambini,bambini,,,,,,,,,,,,,,
584,"Kenzo Junior",kenzo-bambino,"<!-- slug:/kenzo/bambino.html -->",260,Bambini,bambini,,,,,,,,,,,,,,
585,Moncler,moncler-bambino,"<!-- slug:/moncler/bambino.html -->",260,Bambini,bambini,,,,,,,,,,,,,,
586,Msgm,msgm-bambino,"<!-- slug:/msgm/bambino.html -->",260,Bambini,bambini,,,,,,,,,,,,,,
587,Off-white,off-white-bambino,"<!-- slug:/off-white/bambino.html -->",260,Bambini,bambini,,,,,,,,,,,,,,
588,"Palm Angels",palm-angels-bambino,"<!-- slug:/palm-angels/bambino.html -->",260,Bambini,bambini,,,,,,,,,,,,,,
589,"Stella McCartney",stella-mccartney-bambino,"<!-- slug:/stella-mccartney/bambino.html -->",260,Bambini,bambini,,,,,,,,,,,,,,
590,"Stone Island Junior",stone-island-junior-bambino,"<!-- slug:/stone-island-junior/bambino.html -->",260,Bambini,bambini,,,,,,,,,,,,,,
591,Burberry,bambino-abbigliamento-bimbo-burberry,"<!-- slug:/bambino/abbigliamento-bimbo/burberry_t/ -->",260,Bambini,bambini,,,,,,,,,,,,,,
592,Diesel,bambino-abbigliamento-bimbo-diesel,"<!-- slug:/bambino/abbigliamento-bimbo/diesel_t/ -->",260,Bambini,bambini,,,,,,,,,,,,,,
593,Ea7,bambino-abbigliamento-bimbo-ea7,"<!-- slug:/bambino/abbigliamento-bimbo/ea7_t/ -->",260,Bambini,bambini,,,,,,,,,,,,,,
594,"Marcelo Burlon",bambino-abbigliamento-bimbo-marcelo-burlon,"<!-- slug:/bambino/abbigliamento-bimbo/marcelo-burlon_t/ -->",260,Bambini,bambini,,,,,,,,,,,,,,
595,"Off White",bambino-abbigliamento-bimbo-off-white,"<!-- slug:/bambino/abbigliamento-bimbo/off-white_t/ -->",260,Bambini,bambini,,,,,,,,,,,,,,
596,"Palm Angels",bambino-abbigliamento-bimbo-palm-angels,"<!-- slug:/bambino/abbigliamento-bimbo/palm-angels_t/ -->",260,Bambini,bambini,,,,,,,,,,,,,,
597,Burberry,bambino-abbigliamento-bimba-burberry,"<!-- slug:/bambino/abbigliamento-bimba/burberry_t/ -->",260,Bambini,bambini,,,,,,,,,,,,,,
598,"Dolce &amp; Gabbana",bambino-abbigliamento-bimba-dolce-gabbana,"<!-- slug:/bambino/abbigliamento-bimba/dolce-gabbana_t/ -->",260,Bambini,bambini,,,,,,,,,,,,,,
599,"Elisabetta Franchi",bambino-abbigliamento-bimba-elisabetta-franchi,"<!-- slug:/bambino/abbigliamento-bimba/elisabetta-franchi_t/ -->",260,Bambini,bambini,,,,,,,,,,,,,,
600,"Golden Goose",bambino-abbigliamento-bimba-golden-goose,"<!-- slug:/bambino/abbigliamento-bimba/golden-goose_t/ -->",260,Bambini,bambini,,,,,,,,,,,,,,
601,"Liu Jo",bambino-abbigliamento-bimba-liu-jo,"<!-- slug:/bambino/abbigliamento-bimba/liu-jo_t/ -->",260,Bambini,bambini,,,,,,,,,,,,,,
602,"Miss Blumarine",bambino-abbigliamento-bimba-miss-blumarine,"<!-- slug:/bambino/abbigliamento-bimba/miss-blumarine_t/ -->",260,Bambini,bambini,,,,,,,,,,,,,,
603,Monnalisa,bambino-abbigliamento-bimba-monnalisa,"<!-- slug:/bambino/abbigliamento-bimba/monnalisa_t/ -->",260,Bambini,bambini,,,,,,,,,,,,,,
604,Twinset,bambino-abbigliamento-bimba-twinset,"<!-- slug:/bambino/abbigliamento-bimba/twinset_t/ -->",260,Bambini,bambini,,,,,,,,,,,,,,
605,"Chiara Ferragni",bambino-abbigliamento-neonato-chiara-ferragni,"<!-- slug:/bambino/abbigliamento-neonato/chiara-ferragni_t/ -->",260,Bambini,bambini,,,,,,,,,,,,,,
606,Diesel,bambino-abbigliamento-neonato-diesel,"<!-- slug:/bambino/abbigliamento-neonato/diesel_t/ -->",260,Bambini,bambini,,,,,,,,,,,,,,
607,Fendi,bambino-abbigliamento-neonato-fendi,"<!-- slug:/bambino/abbigliamento-neonato/fendi_t/ -->",260,Bambini,bambini,,,,,,,,,,,,,,
608,"Moschino Couture",bambino-abbigliamento-neonato-moschino-couture,"<!-- slug:/bambino/abbigliamento-neonato/moschino-couture_t/ -->",260,Bambini,bambini,,,,,,,,,,,,,,
609,"Chiara Ferragni",chiara-ferragni-bambino,"<!-- slug:/chiara-ferragni/bambino.html -->",260,Bambini,bambini,,,,,,,,,,,,,,
610,"Emporio Armani",emporio-armani-bambino,"<!-- slug:/emporio-armani/bambino.html -->",260,Bambini,bambini,,,,,,,,,,,,,,
611,Moschino,moschino-bambino,"<!-- slug:/moschino/bambino.html -->",260,Bambini,bambini,,,,,,,,,,,,,,
612,Abito,abito,,262,"Tutto l'abbigliamento",donna-abbigliamento,340,340,,9695,,,https://grandeshop.it/wp-content/uploads/2023/11/241120231700839119.jpeg,241120231700839119.jpeg,/home/fwbibudd/public_html/wp-content/uploads/2023/11/241120231700839119.jpeg,9695,241120231700839119.jpeg,,,
613,Maglia,maglia,,262,"Tutto l'abbigliamento",donna-abbigliamento,406,406,,9763,,,https://grandeshop.it/wp-content/uploads/2023/11/241120231700839155.jpeg,241120231700839155.jpeg,/home/fwbibudd/public_html/wp-content/uploads/2023/11/241120231700839155.jpeg,9763,241120231700839155.jpeg,,,
614,Gonna,gonna,,262,"Tutto l'abbigliamento",donna-abbigliamento,180,180,,9751,,,https://grandeshop.it/wp-content/uploads/2023/11/241120231700839146.jpeg,241120231700839146.jpeg,/home/fwbibudd/public_html/wp-content/uploads/2023/11/241120231700839146.jpeg,9751,241120231700839146.jpeg,,,
615,Camicia,camicia,,309,"Tutto l'abbigliamento",uomo-abbigliamento,245,245,,47776,,,https://grandeshop.it/wp-content/uploads/2023/11/251120231700928801.jpeg,251120231700928801.jpeg,/home/fwbibudd/public_html/wp-content/uploads/2023/11/251120231700928801.jpeg,47776,251120231700928801.jpeg,,,
616,Felpa,felpa,,262,"Tutto l'abbigliamento",donna-abbigliamento,80,80,,9268,,,https://grandeshop.it/wp-content/uploads/2023/11/241120231700838921.jpeg,241120231700838921.jpeg,/home/fwbibudd/public_html/wp-content/uploads/2023/11/241120231700838921.jpeg,9268,241120231700838921.jpeg,,,
617,Giacca,giacca,,262,"Tutto l'abbigliamento",donna-abbigliamento,374,374,,9393,,,https://grandeshop.it/wp-content/uploads/2023/11/241120231700838995.jpeg,241120231700838995.jpeg,/home/fwbibudd/public_html/wp-content/uploads/2023/11/241120231700838995.jpeg,9393,241120231700838995.jpeg,,,
618,Costume,costume,,262,"Tutto l'abbigliamento",donna-abbigliamento,4,4,,9378,,,https://grandeshop.it/wp-content/uploads/2023/11/241120231700838984.jpeg,241120231700838984.jpeg,/home/fwbibudd/public_html/wp-content/uploads/2023/11/241120231700838984.jpeg,9378,241120231700838984.jpeg,,,
619,Impermeabile,impermeabile,,262,"Tutto l'abbigliamento",donna-abbigliamento,2,2,,9621,,,https://grandeshop.it/wp-content/uploads/2023/11/241120231700839086.jpeg,241120231700839086.jpeg,/home/fwbibudd/public_html/wp-content/uploads/2023/11/241120231700839086.jpeg,9621,241120231700839086.jpeg,,,
620,leggins,leggins,,262,"Tutto l'abbigliamento",donna-abbigliamento,,,,9963,,,https://grandeshop.it/wp-content/uploads/2023/11/241120231700839251.jpeg,241120231700839251.jpeg,/home/fwbibudd/public_html/wp-content/uploads/2023/11/241120231700839251.jpeg,9963,241120231700839251.jpeg,,,
621,Pantalone,pantalone,,262,"Tutto l'abbigliamento",donna-abbigliamento,414,414,,41888,,,https://grandeshop.it/wp-content/uploads/2023/11/251120231700922077.jpeg,251120231700922077.jpeg,/home/fwbibudd/public_html/wp-content/uploads/2023/11/251120231700922077.jpeg,41888,251120231700922077.jpeg,,,
622,"Borsa a tracolla",borsa-a-tracolla,,322,"Tutte le borse",uomo-borse,121,121,,41691,,,https://grandeshop.it/wp-content/uploads/2023/11/251120231700921946.jpeg,251120231700921946.jpeg,/home/fwbibudd/public_html/wp-content/uploads/2023/11/251120231700921946.jpeg,41691,251120231700921946.jpeg,,,
623,Portadocumenti,portadocumenti,,336,"Tutti gli accessori",uomo-accessori,67,67,,42008,,,https://grandeshop.it/wp-content/uploads/2023/11/251120231700922187.jpeg,251120231700922187.jpeg,/home/fwbibudd/public_html/wp-content/uploads/2023/11/251120231700922187.jpeg,42008,251120231700922187.jpeg,,,
624,Copertina,copertina,,,,,57,57,,42600,,,https://grandeshop.it/wp-content/uploads/2023/11/251120231700922495.jpeg,251120231700922495.jpeg,/home/fwbibudd/public_html/wp-content/uploads/2023/11/251120231700922495.jpeg,42600,251120231700922495.jpeg,,,
625,Cintura,cintura,,296,"Tutti gli accessori",donna-accessori,263,263,,46878,,,https://grandeshop.it/wp-content/uploads/2023/11/251120231700927943.jpeg,251120231700927943.jpeg,/home/fwbibudd/public_html/wp-content/uploads/2023/11/251120231700927943.jpeg,46878,251120231700927943.jpeg,,,
626,"Borsa a spalla",borsa-a-spalla,,277,"Tutte le borse",donna-borse,119,119,,42794,,,https://grandeshop.it/wp-content/uploads/2023/11/251120231700922911.jpeg,251120231700922911.jpeg,/home/fwbibudd/public_html/wp-content/uploads/2023/11/251120231700922911.jpeg,42794,251120231700922911.jpeg,,,
627,Marsupio,marsupio,,277,"Tutte le borse",donna-borse,92,92,,42801,,,https://grandeshop.it/wp-content/uploads/2023/11/251120231700922919.jpeg,251120231700922919.jpeg,/home/fwbibudd/public_html/wp-content/uploads/2023/11/251120231700922919.jpeg,42801,251120231700922919.jpeg,,,
628,Clutch,clutch,,277,"Tutte le borse",donna-borse,69,69,,64809,,,https://grandeshop.it/wp-content/uploads/2023/11/261120231700997941.jpeg,261120231700997941.jpeg,/home/fwbibudd/public_html/wp-content/uploads/2023/11/261120231700997941.jpeg,64809,261120231700997941.jpeg,,,
629,"Borsa a mano",borsa-a-mano,,277,"Tutte le borse",donna-borse,126,126,,44602,,,https://grandeshop.it/wp-content/uploads/2023/11/251120231700923827.jpeg,251120231700923827.jpeg,/home/fwbibudd/public_html/wp-content/uploads/2023/11/251120231700923827.jpeg,44602,251120231700923827.jpeg,,,
630,"Cappello bambino",cappello-bambino,,,,,71,71,,64668,,,https://grandeshop.it/wp-content/uploads/2023/11/261120231700997864.jpeg,261120231700997864.jpeg,/home/fwbibudd/public_html/wp-content/uploads/2023/11/261120231700997864.jpeg,64668,261120231700997864.jpeg,,,
631,Décolleté,decollete,,286,"Tutte le scarpe",donna-scarpe,83,83,,45788,,,https://grandeshop.it/wp-content/uploads/2023/11/251120231700927264.jpeg,251120231700927264.jpeg,/home/fwbibudd/public_html/wp-content/uploads/2023/11/251120231700927264.jpeg,45788,251120231700927264.jpeg,,,
632,Sciarpa,sciarpa,,296,"Tutti gli accessori",donna-accessori,204,204,,46961,,,https://grandeshop.it/wp-content/uploads/2023/11/251120231700927972.jpeg,251120231700927972.jpeg,/home/fwbibudd/public_html/wp-content/uploads/2023/11/251120231700927972.jpeg,46961,251120231700927972.jpeg,,,
633,Cappello,cappello,,336,"Tutti gli accessori",uomo-accessori,214,214,,46816,,,https://grandeshop.it/wp-content/uploads/2023/11/251120231700927894.jpeg,251120231700927894.jpeg,/home/fwbibudd/public_html/wp-content/uploads/2023/11/251120231700927894.jpeg,46816,251120231700927894.jpeg,,,
634,Set,set,,,,,4,4,,46831,,,https://grandeshop.it/wp-content/uploads/2023/11/251120231700927903.jpeg,251120231700927903.jpeg,/home/fwbibudd/public_html/wp-content/uploads/2023/11/251120231700927903.jpeg,46831,251120231700927903.jpeg,,,
635,Tracolla,tracolla,,277,"Tutte le borse",donna-borse,1,1,,46834,,,https://grandeshop.it/wp-content/uploads/2023/11/251120231700927906.jpeg,251120231700927906.jpeg,/home/fwbibudd/public_html/wp-content/uploads/2023/11/251120231700927906.jpeg,46834,251120231700927906.jpeg,,,
636,Portafoglio,portafoglio,,296,"Tutti gli accessori",donna-accessori,214,214,,52666,,,https://grandeshop.it/wp-content/uploads/2023/11/251120231700932945.jpeg,251120231700932945.jpeg,/home/fwbibudd/public_html/wp-content/uploads/2023/11/251120231700932945.jpeg,52666,251120231700932945.jpeg,,,
637,Fermacapelli,fermacapelli,,296,"Tutti gli accessori",donna-accessori,26,26,,47074,,,https://grandeshop.it/wp-content/uploads/2023/11/251120231700928058.jpeg,251120231700928058.jpeg,/home/fwbibudd/public_html/wp-content/uploads/2023/11/251120231700928058.jpeg,47074,251120231700928058.jpeg,,,
638,Scialle,scialle,,296,"Tutti gli accessori",donna-accessori,4,4,,47137,,,https://grandeshop.it/wp-content/uploads/2023/11/251120231700928105.jpeg,251120231700928105.jpeg,/home/fwbibudd/public_html/wp-content/uploads/2023/11/251120231700928105.jpeg,47137,251120231700928105.jpeg,,,
639,Cravatta,cravatta,,336,"Tutti gli accessori",uomo-accessori,18,18,,69284,,,https://grandeshop.it/wp-content/uploads/2023/11/261120231701001123.jpeg,261120231701001123.jpeg,/home/fwbibudd/public_html/wp-content/uploads/2023/11/261120231701001123.jpeg,69284,261120231701001123.jpeg,,,
640,Bambino,bambino,"<!-- slug:/bambino/ -->",,,,,,,,,,,,,,,,,
641,"Dsquared2 Junior",bambino-abbigliamento-bimbo-dsquared2-junior,"<!-- slug:/bambino/abbigliamento-bimbo/dsquared2-junior_t/ -->",640,Bambino,bambino,,,,,,,,,,,,,,
642,Gucci,bambino-abbigliamento-bimbo-gucci,"<!-- slug:/bambino/abbigliamento-bimbo/gucci_t/ -->",640,Bambino,bambino,,,,,,,,,,,,,,
643,"Il Gufo",bambino-abbigliamento-bimbo-il-gufo,"<!-- slug:/bambino/abbigliamento-bimbo/il-gufo_t/ -->",640,Bambino,bambino,,,,,,,,,,,,,,
644,"Kenzo Junior",bambino-abbigliamento-bimbo-kenzo-junior,"<!-- slug:/bambino/abbigliamento-bimbo/kenzo-junior_t/ -->",640,Bambino,bambino,,,,,,,,,,,,,,
645,Moncler,bambino-abbigliamento-bimbo-moncler,"<!-- slug:/bambino/abbigliamento-bimbo/moncler_t/ -->",640,Bambino,bambino,,,,,,,,,,,,,,
646,Msgm,bambino-abbigliamento-bimbo-msgm,"<!-- slug:/bambino/abbigliamento-bimbo/msgm_t/ -->",640,Bambino,bambino,,,,,,,,,,,,,,
647,"Stone Island Junior",bambino-abbigliamento-bimbo-stone-island-junior,"<!-- slug:/bambino/abbigliamento-bimbo/stone-island-junior_t/ -->",640,Bambino,bambino,,,,,,,,,,,,,,
648,"Kenzo Junior",bambino-abbigliamento-bimba-kenzo-junior,"<!-- slug:/bambino/abbigliamento-bimba/kenzo-junior_t/ -->",640,Bambino,bambino,,,,,,,,,,,,,,
649,Moncler,bambino-abbigliamento-bimba-moncler,"<!-- slug:/bambino/abbigliamento-bimba/moncler_t/ -->",640,Bambino,bambino,,,,,,,,,,,,,,
650,"Dsquared2 Junior",bambino-abbigliamento-neonato-dsquared2-junior,"<!-- slug:/bambino/abbigliamento-neonato/dsquared2-junior_t/ -->",640,Bambino,bambino,,,,,,,,,,,,,,
651,Gucci,bambino-abbigliamento-neonato-gucci,"<!-- slug:/bambino/abbigliamento-neonato/gucci_t/ -->",640,Bambino,bambino,,,,,,,,,,,,,,
652,"Il Gufo",bambino-abbigliamento-neonato-il-gufo,"<!-- slug:/bambino/abbigliamento-neonato/il-gufo_t/ -->",640,Bambino,bambino,,,,,,,,,,,,,,
653,"Miss Blumarine",bambino-abbigliamento-neonato-miss-blumarine,"<!-- slug:/bambino/abbigliamento-neonato/miss-blumarine_t/ -->",640,Bambino,bambino,,,,,,,,,,,,,,
654,Moncler,bambino-abbigliamento-neonato-moncler,"<!-- slug:/bambino/abbigliamento-neonato/moncler_t/ -->",640,Bambino,bambino,,,,,,,,,,,,,,
655,Monnalisa,bambino-abbigliamento-neonato-monnalisa,"<!-- slug:/bambino/abbigliamento-neonato/monnalisa_t/ -->",640,Bambino,bambino,,,,,,,,,,,,,,
656,"Miss Blumarine",miss-blumarine-bambino,"<!-- slug:/miss-blumarine/bambino.html -->",640,Bambino,bambino,,,,,,,,,,,,,,
657,"Cappello neonato",cappello-neonato,,,,,53,53,,63230,,,https://grandeshop.it/wp-content/uploads/2023/11/251120231700954877.jpeg,251120231700954877.jpeg,/home/fwbibudd/public_html/wp-content/uploads/2023/11/251120231700954877.jpeg,63230,251120231700954877.jpeg,,,
658,Occhiali,occhiali,,,,,1,1,,63205,,,https://grandeshop.it/wp-content/uploads/2023/11/251120231700954858.jpeg,251120231700954858.jpeg,/home/fwbibudd/public_html/wp-content/uploads/2023/11/251120231700954858.jpeg,63205,251120231700954858.jpeg,,,
659,Lenzuola,lenzuola,,,,,4,4,,63210,,,https://grandeshop.it/wp-content/uploads/2023/11/251120231700954864.jpeg,251120231700954864.jpeg,/home/fwbibudd/public_html/wp-content/uploads/2023/11/251120231700954864.jpeg,63210,251120231700954864.jpeg,,,
660,"Bavaglini bimbo",bavaglini-bimbo,,,,,1,1,,63262,,,https://grandeshop.it/wp-content/uploads/2023/11/251120231700954897.jpeg,251120231700954897.jpeg,/home/fwbibudd/public_html/wp-content/uploads/2023/11/251120231700954897.jpeg,63262,251120231700954897.jpeg,,,
661,"Bavaglini bimba",bavaglini-bimba,,,,,4,4,,63279,,,https://grandeshop.it/wp-content/uploads/2023/11/251120231700954910.jpeg,251120231700954910.jpeg,/home/fwbibudd/public_html/wp-content/uploads/2023/11/251120231700954910.jpeg,63279,251120231700954910.jpeg,,,
662,Biberon,biberon,,,,,2,2,,,,,,,,,,,,
664,Espadrillas,espadrillas,,329,"Tutte le scarpe",uomo-scarpe,4,4,,71323,,,https://grandeshop.it/wp-content/uploads/2023/11/261120231701012094.jpeg,261120231701012094.jpeg,/home/fwbibudd/public_html/wp-content/uploads/2023/11/261120231701012094.jpeg,71323,261120231701012094.jpeg,,,
665,Valigia,valigia,,322,"Tutte le borse",uomo-borse,58,58,,134863,,,https://grandeshop.it/wp-content/uploads/2023/12/031220231701602919.jpeg,031220231701602919.jpeg,/home/fwbibudd/public_html/wp-content/uploads/2023/12/031220231701602919.jpeg,134863,031220231701602919.jpeg,,,
666,"New Balance",new-balance-donna,"<!-- slug:/new-balance/donna.html -->",105,Donna,donna,,,,,,,,,,,,,,
667,Pantaloncino,pantaloncino,,,,,4,4,,135371,,,https://grandeshop.it/wp-content/uploads/2023/12/031220231701603441.jpeg,031220231701603441.jpeg,/home/fwbibudd/public_html/wp-content/uploads/2023/12/031220231701603441.jpeg,135371,031220231701603441.jpeg,,,
668,Gemelli,gemelli,,,,,6,6,,124124,,,https://grandeshop.it/wp-content/uploads/2023/12/031220231701588267.jpeg,031220231701588267.jpeg,/home/fwbibudd/public_html/wp-content/uploads/2023/12/031220231701588267.jpeg,124124,031220231701588267.jpeg,,,
669,Cerchietto,cerchietto,,296,"Tutti gli accessori",donna-accessori,3,3,,79714,,,https://grandeshop.it/wp-content/uploads/2023/11/281120231701130264.jpeg,281120231701130264.jpeg,/home/fwbibudd/public_html/wp-content/uploads/2023/11/281120231701130264.jpeg,79714,281120231701130264.jpeg,,,
670,Portatrucco,portatrucco,,296,"Tutti gli accessori",donna-accessori,35,35,,114187,,,https://grandeshop.it/wp-content/uploads/2023/12/031220231701583947.jpeg,031220231701583947.jpeg,/home/fwbibudd/public_html/wp-content/uploads/2023/12/031220231701583947.jpeg,114187,031220231701583947.jpeg,,,
671,Intimo,intimo,,,,,55,55,,99712,,,https://grandeshop.it/wp-content/uploads/2023/12/011220231701463085.jpeg,011220231701463085.jpeg,/home/fwbibudd/public_html/wp-content/uploads/2023/12/011220231701463085.jpeg,99712,011220231701463085.jpeg,,,
672,"Vari per corredo",vari-per-corredo,,,,,4,4,,,,,,,,,,,,
673,Sandali,sandali,,,,,1,1,,,,,,,,,,,,
674,"Sciarpa bimba",sciarpa-bimba,,,,,34,34,,105875,,,https://grandeshop.it/wp-content/uploads/2023/12/021220231701499236.jpeg,021220231701499236.jpeg,/home/fwbibudd/public_html/wp-content/uploads/2023/12/021220231701499236.jpeg,105875,021220231701499236.jpeg,,,
675,Ombrello,ombrello,,,,,2,2,,124127,,,https://grandeshop.it/wp-content/uploads/2023/12/031220231701588269.jpeg,031220231701588269.jpeg,/home/fwbibudd/public_html/wp-content/uploads/2023/12/031220231701588269.jpeg,124127,031220231701588269.jpeg,,,
676,Orologio,orologio,,,,,4,4,,,,,,,,,,,,
677,Custodia,custodia,,,,,2,2,,,,,,,,,,,,
678,"Scarpe con zeppa",scarpe-con-zeppa,,,,,1,1,,,,,,,,,,,,
679,Tronchetti,tronchetti,,,,,1,1,,,,,,,,,,,,
680,Peluche,peluche,,,,,2,2,,134162,,,https://grandeshop.it/wp-content/uploads/2023/12/031220231701593479.jpeg,031220231701593479.jpeg,/home/fwbibudd/public_html/wp-content/uploads/2023/12/031220231701593479.jpeg,134162,031220231701593479.jpeg,,,
681,Gilet,gilet,,,,,1,1,,,,,,,,,,,,
682,Canotta,canotta,,,,,1,1,,,,,,,,,,,,
683,Pelliccia,pelliccia,,,,,1,1,,144725,,,https://grandeshop.it/wp-content/uploads/2023/12/041220231701648452.jpeg,041220231701648452.jpeg,/home/fwbibudd/public_html/wp-content/uploads/2023/12/041220231701648452.jpeg,144725,041220231701648452.jpeg,,,
684,Bretelle,bretelle,,,,,1,1,,,,,,,,,,,,
685,Pochette,pochette,,,,,1,1,,,,,,,,,,,,
686,"Sandali bassi",sandali-bassi,,,,,5,5,,,,,,,,,,,,
687,"Scarpe basse",scarpe-basse,,,,,1,1,,,,,,,,,,,,
688,Collo,collo,,,,,1,1,,,,,,,,,,,,
689,Spilla,spilla,,,,,1,1,,,,,,,,,,,,
690,Mantella,mantella,,,,,1,1,,,,,,,,,,,,
